MacroPlot Name,Date,Index,Transect,SampLoc,OffSet,LittDep,DuffDep,FuelbedDep,DLFuConSt,Comment,UV1,UV2,UV3,NumTran,FieldTeam,EntryTeam,UV1Desc,UV2Desc,UV3Desc,SaComment,Visited,
PIPN 01,6/5/2024 1:13:07 PM,,,,,,,,,,,,,4,Lalor; Tumicki; Brannfors; Westfahl; Gilmore,Tumicki,,,,,True,
PIPN 01,6/5/2024 1:13:07 PM,1,1,1,False,1.2,0.8,,PIPN,,,,,,,,,,,,,
PIPN 01,6/5/2024 1:13:07 PM,2,1,5,False,0.9,0.5,,PIPN,,,,,,,,,,,,,
PIPN 01,6/5/2024 1:13:07 PM,3,1,10,False,1.2,0.8,,PIPN,,,,,,,,,,,,,
PIPN 01,6/5/2024 1:13:07 PM,4,1,15,False,0.9,0.7,,PIPN,,,,,,,,,,,,,
PIPN 01,6/5/2024 1:13:07 PM,5,1,20,False,1.2,0.8,,PIPN,,,,,,,,,,,,,
PIPN 01,6/5/2024 1:13:07 PM,6,1,25,False,0.8,0.5,,PIPN,,,,,,,,,,,,,
PIPN 01,6/5/2024 1:13:07 PM,7,1,30,False,0.6,0,,PIPN,,,,,,,,,,,,,
PIPN 01,6/5/2024 1:13:07 PM,8,1,35,False,0.5,0.8,,PIPN,,,,,,,,,,,,,
PIPN 01,6/5/2024 1:13:07 PM,9,1,40,False,0.5,0.1,,PIPN,,,,,,,,,,,,,
PIPN 01,6/5/2024 1:13:07 PM,10,1,45,False,1.3,0.8,,PIPN,,,,,,,,,,,,,
PIPN 01,6/5/2024 1:13:07 PM,11,2,1,False,0.1,0.1,,PIPN,,,,,,,,,,,,,
PIPN 01,6/5/2024 1:13:07 PM,12,2,5,False,0.9,0.8,,PIPN,,,,,,,,,,,,,
PIPN 01,6/5/2024 1:13:07 PM,13,2,10,False,0.1,0.3,,PIPN,,,,,,,,,,,,,
PIPN 01,6/5/2024 1:13:07 PM,14,2,15,False,0.7,0.3,,PIPN,,,,,,,,,,,,,
PIPN 01,6/5/2024 1:13:07 PM,15,2,20,False,0.1,0,,PIPN,,,,,,,,,,,,,
PIPN 01,6/5/2024 1:13:07 PM,16,2,25,False,0.2,0.2,,PIPN,,,,,,,,,,,,,
PIPN 01,6/5/2024 1:13:07 PM,17,2,30,False,0.7,0.2,,PIPN,,,,,,,,,,,,,
PIPN 01,6/5/2024 1:13:07 PM,18,2,35,False,1.1,0.3,,PIPN,,,,,,,,,,,,,
PIPN 01,6/5/2024 1:13:07 PM,19,2,40,False,0.7,0.4,,PIPN,,,,,,,,,,,,,
PIPN 01,6/5/2024 1:13:07 PM,20,2,45,False,0.9,0.9,,PIPN,,,,,,,,,,,,,
PIPN 01,6/5/2024 1:13:07 PM,21,3,1,False,1,8,,PIPN,,,,,,,,,,,,,
PIPN 01,6/5/2024 1:13:07 PM,22,3,5,False,0.7,0.3,,PIPN,,,,,,,,,,,,,
PIPN 01,6/5/2024 1:13:07 PM,23,3,10,False,1,0.3,,PIPN,,,,,,,,,,,,,
PIPN 01,6/5/2024 1:13:07 PM,24,3,15,False,0.7,0.4,,PIPN,,,,,,,,,,,,,
PIPN 01,6/5/2024 1:13:07 PM,25,3,20,False,1.1,0.2,,PIPN,,,,,,,,,,,,,
PIPN 01,6/5/2024 1:13:07 PM,26,3,25,False,0.5,0.1,,PIPN,,,,,,,,,,,,,
PIPN 01,6/5/2024 1:13:07 PM,27,3,30,False,0.1,0.1,,PIPN,,,,,,,,,,,,,
PIPN 01,6/5/2024 1:13:07 PM,28,3,35,False,1.1,0.5,,PIPN,,,,,,,,,,,,,
PIPN 01,6/5/2024 1:13:07 PM,29,3,40,False,0.5,0.5,,PIPN,,,,,,,,,,,,,
PIPN 01,6/5/2024 1:13:07 PM,30,3,45,False,0.7,0.4,,PIPN,,,,,,,,,,,,,
PIPN 01,6/5/2024 1:13:07 PM,31,4,1,False,1,0.7,,PIPN,,,,,,,,,,,,,
PIPN 01,6/5/2024 1:13:07 PM,32,4,5,False,0.6,1,,PIPN,,,,,,,,,,,,,
PIPN 01,6/5/2024 1:13:07 PM,33,4,10,False,1,0.9,,PIPN,,,,,,,,,,,,,
PIPN 01,6/5/2024 1:13:07 PM,34,4,15,False,1.1,1.1,,PIPN,,,,,,,,,,,,,
PIPN 01,6/5/2024 1:13:07 PM,35,4,20,False,1.5,0.3,,PIPN,,,,,,,,,,,,,
PIPN 01,6/5/2024 1:13:07 PM,36,4,25,False,1,0.5,,PIPN,,,,,,,,,,,,,
PIPN 01,6/5/2024 1:13:07 PM,37,4,30,False,1.2,1.3,,PIPN,,,,,,,,,,,,,
PIPN 01,6/5/2024 1:13:07 PM,38,4,35,False,0.7,0.3,,PIPN,,,,,,,,,,,,,
PIPN 01,6/5/2024 1:13:07 PM,39,4,40,False,0.2,0.1,,PIPN,,,,,,,,,,,,,
PIPN 01,6/5/2024 1:13:07 PM,40,4,45,False,1.2,0.5,,PIPN,,,,,,,,,,,,,
PIPO 31,6/16/2024 12:56:58 PM,,,,,,,,,,,,,4,Tumicki; Brannfors,Tumicki,,,,,True,
PIPO 31,6/16/2024 12:56:58 PM,1,1,1,False,1.5,1.1,,PIPO,,,,,,,,,,,,,
PIPO 31,6/16/2024 12:56:58 PM,2,1,5,False,0.7,0.6,,PIPO,,,,,,,,,,,,,
PIPO 31,6/16/2024 12:56:58 PM,3,1,10,False,1.5,0.2,,PIPO,,,,,,,,,,,,,
PIPO 31,6/16/2024 12:56:58 PM,4,1,15,False,0.9,0.1,,PIPO,,,,,,,,,,,,,
PIPO 31,6/16/2024 12:56:58 PM,5,1,20,False,0.5,0.1,,PIPO,,,,,,,,,,,,,
PIPO 31,6/16/2024 12:56:58 PM,6,1,25,False,0.3,0.1,,PIPO,,,,,,,,,,,,,
PIPO 31,6/16/2024 12:56:58 PM,7,1,30,False,0.3,0,,PIPO,,,,,,,,,,,,,
PIPO 31,6/16/2024 12:56:58 PM,8,1,35,False,0.3,0,,PIPO,,,,,,,,,,,,,
PIPO 31,6/16/2024 12:56:58 PM,9,1,40,False,0.3,0,,PIPO,,,,,,,,,,,,,
PIPO 31,6/16/2024 12:56:58 PM,10,1,45,False,1.6,0,,PIPO,,,,,,,,,,,,,
PIPO 31,6/16/2024 12:56:58 PM,11,2,1,False,1.4,0.2,,PIPO,,,,,,,,,,,,,
PIPO 31,6/16/2024 12:56:58 PM,12,2,5,False,1.2,0.2,,PIPO,,,,,,,,,,,,,
PIPO 31,6/16/2024 12:56:58 PM,13,2,10,False,1.9,0.5,,PIPO,,,,,,,,,,,,,
PIPO 31,6/16/2024 12:56:58 PM,14,2,15,False,0.7,0,,PIPO,,,,,,,,,,,,,
PIPO 31,6/16/2024 12:56:58 PM,15,2,20,False,1,0,,PIPO,,,,,,,,,,,,,
PIPO 31,6/16/2024 12:56:58 PM,16,2,25,False,0.9,0.1,,PIPO,,,,,,,,,,,,,
PIPO 31,6/16/2024 12:56:58 PM,17,2,30,False,1.4,0.1,,PIPO,,,,,,,,,,,,,
PIPO 31,6/16/2024 12:56:58 PM,18,2,35,False,1.5,0.4,,PIPO,,,,,,,,,,,,,
PIPO 31,6/16/2024 12:56:58 PM,19,2,40,False,1.4,0.3,,PIPO,,,,,,,,,,,,,
PIPO 31,6/16/2024 12:56:58 PM,20,2,45,False,1.3,0.3,,PIPO,,,,,,,,,,,,,
PIPO 31,6/16/2024 12:56:58 PM,21,3,1,False,1.2,0.4,,PIPO,,,,,,,,,,,,,
PIPO 31,6/16/2024 12:56:58 PM,22,3,5,False,1.6,0.8,,PIPO,,,,,,,,,,,,,
PIPO 31,6/16/2024 12:56:58 PM,23,3,10,False,1,0.5,,PIPO,,,,,,,,,,,,,
PIPO 31,6/16/2024 12:56:58 PM,24,3,15,False,1.9,0.7,,PIPO,,,,,,,,,,,,,
PIPO 31,6/16/2024 12:56:58 PM,25,3,20,False,1,0.1,,PIPO,,,,,,,,,,,,,
PIPO 31,6/16/2024 12:56:58 PM,26,3,25,False,1.1,0.6,,PIPO,,,,,,,,,,,,,
PIPO 31,6/16/2024 12:56:58 PM,27,3,30,False,0.4,0.2,,PIPO,,,,,,,,,,,,,
PIPO 31,6/16/2024 12:56:58 PM,28,3,35,False,0.7,0.1,,PIPO,,,,,,,,,,,,,
PIPO 31,6/16/2024 12:56:58 PM,29,3,40,False,0.5,0,,PIPO,,,,,,,,,,,,,
PIPO 31,6/16/2024 12:56:58 PM,30,3,45,False,0.6,0,,PIPO,,,,,,,,,,,,,
PIPO 31,6/16/2024 12:56:58 PM,31,4,1,False,0.5,0,,PIPO,,,,,,,,,,,,,
PIPO 31,6/16/2024 12:56:58 PM,32,4,5,False,0.7,0.1,,PIPO,,,,,,,,,,,,,
PIPO 31,6/16/2024 12:56:58 PM,33,4,10,False,0.9,0,,PIPO,,,,,,,,,,,,,
PIPO 31,6/16/2024 12:56:58 PM,34,4,15,False,1,0.1,,PIPO,,,,,,,,,,,,,
PIPO 31,6/16/2024 12:56:58 PM,35,4,20,False,0.5,0,,PIPO,,,,,,,,,,,,,
PIPO 31,6/16/2024 12:56:58 PM,36,4,25,False,0.7,0,,PIPO,,,,,,,,,,,,,
PIPO 31,6/16/2024 12:56:58 PM,37,4,30,False,1,0.1,,PIPO,,,,,,,,,,,,,
PIPO 31,6/16/2024 12:56:58 PM,38,4,35,False,1.1,0.1,,PIPO,,,,,,,,,,,,,
PIPO 31,6/16/2024 12:56:58 PM,39,4,40,False,0.7,0,,PIPO,,,,,,,,,,,,,
PIPO 31,6/16/2024 12:56:58 PM,40,4,45,False,0.8,0.3,,PIPO,,,,,,,,,,,,,
PIPO 36,6/15/2024 1:00:20 PM,,,,,,,,,,,,,4,Gilmore; Brannfors,Tumicki,,,,,True,
PIPO 36,6/15/2024 1:00:20 PM,1,1,1,False,0.8,0.5,,PIPO,,,,,,,,,,,,,
PIPO 36,6/15/2024 1:00:20 PM,2,1,5,False,0.4,0.2,,PIPO,,,,,,,,,,,,,
PIPO 36,6/15/2024 1:00:20 PM,3,1,10,False,0.7,0.3,,PIPO,,,,,,,,,,,,,
PIPO 36,6/15/2024 1:00:20 PM,4,1,15,False,1.1,0.2,,PIPO,,,,,,,,,,,,,
PIPO 36,6/15/2024 1:00:20 PM,5,1,20,False,0.3,0.4,,PIPO,,,,,,,,,,,,,
PIPO 36,6/15/2024 1:00:20 PM,6,1,25,False,0.1,0.5,,PIPO,,,,,,,,,,,,,
PIPO 36,6/15/2024 1:00:20 PM,7,1,30,False,0.3,0.6,,PIPO,,,,,,,,,,,,,
PIPO 36,6/15/2024 1:00:20 PM,8,1,35,False,0.1,0.2,,PIPO,,,,,,,,,,,,,
PIPO 36,6/15/2024 1:00:20 PM,9,1,40,False,0.7,0.8,,PIPO,,,,,,,,,,,,,
PIPO 36,6/15/2024 1:00:20 PM,10,1,45,False,0.6,1.1,,PIPO,,,,,,,,,,,,,
PIPO 36,6/15/2024 1:00:20 PM,11,2,1,False,0.4,0,,PIPO,,,,,,,,,,,,,
PIPO 36,6/15/2024 1:00:20 PM,12,2,5,False,0.7,0.1,,PIPO,,,,,,,,,,,,,
PIPO 36,6/15/2024 1:00:20 PM,13,2,10,False,0.1,0,,PIPO,,,,,,,,,,,,,
PIPO 36,6/15/2024 1:00:20 PM,14,2,15,False,0.6,0.4,,PIPO,,,,,,,,,,,,,
PIPO 36,6/15/2024 1:00:20 PM,15,2,20,False,1,0.4,,PIPO,,,,,,,,,,,,,
PIPO 36,6/15/2024 1:00:20 PM,16,2,25,False,0.8,0.6,,PIPO,,,,,,,,,,,,,
PIPO 36,6/15/2024 1:00:20 PM,17,2,30,False,0.9,0.4,,PIPO,,,,,,,,,,,,,
PIPO 36,6/15/2024 1:00:20 PM,18,2,35,False,0.7,0.3,,PIPO,,,,,,,,,,,,,
PIPO 36,6/15/2024 1:00:20 PM,19,2,40,False,0.9,0.6,,PIPO,,,,,,,,,,,,,
PIPO 36,6/15/2024 1:00:20 PM,20,2,45,False,0.7,0.2,,PIPO,,,,,,,,,,,,,
PIPO 36,6/15/2024 1:00:20 PM,21,3,1,False,0.6,0.1,,PIPO,,,,,,,,,,,,,
PIPO 36,6/15/2024 1:00:20 PM,22,3,5,False,0.8,0.2,,PIPO,,,,,,,,,,,,,
PIPO 36,6/15/2024 1:00:20 PM,23,3,10,False,0.9,0.5,,PIPO,,,,,,,,,,,,,
PIPO 36,6/15/2024 1:00:20 PM,24,3,15,False,0.7,0.3,,PIPO,,,,,,,,,,,,,
PIPO 36,6/15/2024 1:00:20 PM,25,3,20,False,0.6,0,,PIPO,,,,,,,,,,,,,
PIPO 36,6/15/2024 1:00:20 PM,26,3,25,False,1.1,0.1,,PIPO,,,,,,,,,,,,,
PIPO 36,6/15/2024 1:00:20 PM,27,3,30,False,0.8,0.3,,PIPO,,,,,,,,,,,,,
PIPO 36,6/15/2024 1:00:20 PM,28,3,35,False,0.6,0.2,,PIPO,,,,,,,,,,,,,
PIPO 36,6/15/2024 1:00:20 PM,29,3,40,False,0.5,0.3,,PIPO,,,,,,,,,,,,,
PIPO 36,6/15/2024 1:00:20 PM,30,3,45,False,0.4,0,,PIPO,,,,,,,,,,,,,
PIPO 36,6/15/2024 1:00:20 PM,31,4,1,False,0.7,0,,PIPO,,,,,,,,,,,,,
PIPO 36,6/15/2024 1:00:20 PM,32,4,5,False,0.7,0,,PIPO,,,,,,,,,,,,,
PIPO 36,6/15/2024 1:00:20 PM,33,4,10,False,0.5,0,,PIPO,,,,,,,,,,,,,
PIPO 36,6/15/2024 1:00:20 PM,34,4,15,False,0.5,0.4,,PIPO,,,,,,,,,,,,,
PIPO 36,6/15/2024 1:00:20 PM,35,4,20,False,1.2,0.5,,PIPO,,,,,,,,,,,,,
PIPO 36,6/15/2024 1:00:20 PM,36,4,25,False,0.5,0.4,,PIPO,,,,,,,,,,,,,
PIPO 36,6/15/2024 1:00:20 PM,37,4,30,False,0.7,0.4,,PIPO,,,,,,,,,,,,,
PIPO 36,6/15/2024 1:00:20 PM,38,4,35,False,0.9,0.3,,PIPO,,,,,,,,,,,,,
PIPO 36,6/15/2024 1:00:20 PM,39,4,40,False,0.8,0.4,,PIPO,,,,,,,,,,,,,
PIPO 36,6/15/2024 1:00:20 PM,40,4,45,False,0.5,0,,PIPO,,,,,,,,,,,,,
PIEN 15,8/5/2024 1:19:35 PM,,,,,,,,,,,,,4,Tumicki; Gilmore,Westfahl,,,,,True,
PIEN 15,8/5/2024 1:19:35 PM,1,1,1,False,1.1,0.2,,PIEN,,,,,,,,,,,,,
PIEN 15,8/5/2024 1:19:35 PM,2,1,5,False,0.1,3,,PIEN,,,,,,,,,,,,,
PIEN 15,8/5/2024 1:19:35 PM,3,1,10,False,3.1,0.5,,PIEN,,,,,,,,,,,,,
PIEN 15,8/5/2024 1:19:35 PM,4,1,15,False,2.7,1.8,,PIEN,,,,,,,,,,,,,
PIEN 15,8/5/2024 1:19:35 PM,5,1,20,False,2.2,1.3,,PIEN,,,,,,,,,,,,,
PIEN 15,8/5/2024 1:19:35 PM,6,1,25,False,0.4,2.9,,PIEN,,,,,,,,,,,,,
PIEN 15,8/5/2024 1:19:35 PM,7,1,30,False,0.3,2.4,,PIEN,,,,,,,,,,,,,
PIEN 15,8/5/2024 1:19:35 PM,8,1,35,False,1.5,2.5,,PIEN,,,,,,,,,,,,,
PIEN 15,8/5/2024 1:19:35 PM,9,1,40,False,1.3,2.5,,PIEN,,,,,,,,,,,,,
PIEN 15,8/5/2024 1:19:35 PM,10,1,45,False,0.7,1.7,,PIEN,,,,,,,,,,,,,
PIEN 15,8/5/2024 1:19:35 PM,11,2,1,False,1.1,0.3,,PIEN,,,,,,,,,,,,,
PIEN 15,8/5/2024 1:19:35 PM,12,2,5,False,1.5,2.1,,PIEN,,,,,,,,,,,,,
PIEN 15,8/5/2024 1:19:35 PM,13,2,10,False,1.3,1.7,,PIEN,,,,,,,,,,,,,
PIEN 15,8/5/2024 1:19:35 PM,14,2,15,False,2.4,3.2,,PIEN,,,,,,,,,,,,,
PIEN 15,8/5/2024 1:19:35 PM,15,2,20,False,1,1.7,,PIEN,,,,,,,,,,,,,
PIEN 15,8/5/2024 1:19:35 PM,16,2,25,False,1.1,1,,PIEN,,,,,,,,,,,,,
PIEN 15,8/5/2024 1:19:35 PM,17,2,30,False,1.8,1.1,,PIEN,,,,,,,,,,,,,
PIEN 15,8/5/2024 1:19:35 PM,18,2,35,False,1.7,2,,PIEN,,,,,,,,,,,,,
PIEN 15,8/5/2024 1:19:35 PM,19,2,40,False,1.5,3.8,,PIEN,,,,,,,,,,,,,
PIEN 15,8/5/2024 1:19:35 PM,20,2,45,False,3,2.6,,PIEN,,,,,,,,,,,,,
PIEN 15,8/5/2024 1:19:35 PM,21,3,1,False,1.1,1.9,,PIEN,,,,,,,,,,,,,
PIEN 15,8/5/2024 1:19:35 PM,22,3,5,False,2.4,2,,PIEN,,,,,,,,,,,,,
PIEN 15,8/5/2024 1:19:35 PM,23,3,10,False,1.8,3.5,,PIEN,,,,,,,,,,,,,
PIEN 15,8/5/2024 1:19:35 PM,24,3,15,False,1.1,1.4,,PIEN,,,,,,,,,,,,,
PIEN 15,8/5/2024 1:19:35 PM,25,3,20,False,1.2,2.8,,PIEN,,,,,,,,,,,,,
PIEN 15,8/5/2024 1:19:35 PM,26,3,25,False,1.8,1.6,,PIEN,,,,,,,,,,,,,
PIEN 15,8/5/2024 1:19:35 PM,27,3,30,False,0.9,1.4,,PIEN,,,,,,,,,,,,,
PIEN 15,8/5/2024 1:19:35 PM,28,3,35,False,1.2,2.5,,PIEN,,,,,,,,,,,,,
PIEN 15,8/5/2024 1:19:35 PM,29,3,40,False,1.2,1.5,,PIEN,,,,,,,,,,,,,
PIEN 15,8/5/2024 1:19:35 PM,30,3,45,False,0.2,0.3,,PIEN,,,,,,,,,,,,,
PIEN 15,8/5/2024 1:19:35 PM,31,4,1,False,0.2,0,,PIEN,,,,,,,,,,,,,
PIEN 15,8/5/2024 1:19:35 PM,32,4,5,False,0.1,0,,PIEN,,,,,,,,,,,,,
PIEN 15,8/5/2024 1:19:35 PM,33,4,10,False,1.2,1.1,,PIEN,,,,,,,,,,,,,
PIEN 15,8/5/2024 1:19:35 PM,34,4,15,False,0.4,0.6,,PIEN,,,,,,,,,,,,,
PIEN 15,8/5/2024 1:19:35 PM,35,4,20,False,1.6,0.9,,PIEN,,,,,,,,,,,,,
PIEN 15,8/5/2024 1:19:35 PM,36,4,25,False,1.8,2.3,,PIEN,,,,,,,,,,,,,
PIEN 15,8/5/2024 1:19:35 PM,37,4,30,False,1.8,1.1,,PIEN,,,,,,,,,,,,,
PIEN 15,8/5/2024 1:19:35 PM,38,4,35,False,0.9,2.7,,PIEN,,,,,,,,,,,,,
PIEN 15,8/5/2024 1:19:35 PM,39,4,40,False,1.4,2.1,,PIEN,,,,,,,,,,,,,
PIEN 15,8/5/2024 1:19:35 PM,40,4,45,False,0.1,7.2,,PIEN,,,,,,,,,,,,,
PIPO 30,6/15/2024 12:55:12 PM,,,,,,,,,,,,,4,Brannfors,Tumicki,,,,,True,
PIPO 30,6/15/2024 12:55:12 PM,1,1,1,False,0.4,0.5,,PIPO,,,,,,,,,,,,,
PIPO 30,6/15/2024 12:55:12 PM,2,1,5,False,0.4,0,,PIPO,,,,,,,,,,,,,
PIPO 30,6/15/2024 12:55:12 PM,3,1,10,False,0.5,0,,PIPO,,,,,,,,,,,,,
PIPO 30,6/15/2024 12:55:12 PM,4,1,15,False,1.3,0.3,,PIPO,,,,,,,,,,,,,
PIPO 30,6/15/2024 12:55:12 PM,5,1,20,False,0.5,0.1,,PIPO,,,,,,,,,,,,,
PIPO 30,6/15/2024 12:55:12 PM,6,1,25,False,0.7,0.1,,PIPO,,,,,,,,,,,,,
PIPO 30,6/15/2024 12:55:12 PM,7,1,30,False,1,0.2,,PIPO,,,,,,,,,,,,,
PIPO 30,6/15/2024 12:55:12 PM,8,1,35,False,0.7,0.2,,PIPO,,,,,,,,,,,,,
PIPO 30,6/15/2024 12:55:12 PM,9,1,40,False,0.6,0,,PIPO,,,,,,,,,,,,,
PIPO 30,6/15/2024 12:55:12 PM,10,1,45,False,0.4,0,,PIPO,,,,,,,,,,,,,
PIPO 30,6/15/2024 12:55:12 PM,11,2,1,False,0.5,0,,PIPO,,,,,,,,,,,,,
PIPO 30,6/15/2024 12:55:12 PM,12,2,5,False,0.7,0,,PIPO,,,,,,,,,,,,,
PIPO 30,6/15/2024 12:55:12 PM,13,2,10,False,0.1,0,,PIPO,,,,,,,,,,,,,
PIPO 30,6/15/2024 12:55:12 PM,14,2,15,False,0,0,,PIPO,,,,,,,,,,,,,
PIPO 30,6/15/2024 12:55:12 PM,15,2,20,False,0.1,0,,PIPO,,,,,,,,,,,,,
PIPO 30,6/15/2024 12:55:12 PM,16,2,25,False,0.4,0,,PIPO,,,,,,,,,,,,,
PIPO 30,6/15/2024 12:55:12 PM,17,2,30,False,0.5,0,,PIPO,,,,,,,,,,,,,
PIPO 30,6/15/2024 12:55:12 PM,18,2,35,False,0.6,0,,PIPO,,,,,,,,,,,,,
PIPO 30,6/15/2024 12:55:12 PM,19,2,40,False,0.5,0,,PIPO,,,,,,,,,,,,,
PIPO 30,6/15/2024 12:55:12 PM,20,2,45,False,0.6,0.1,,PIPO,,,,,,,,,,,,,
PIPO 30,6/15/2024 12:55:12 PM,21,3,1,False,0.5,0,,PIPO,,,,,,,,,,,,,
PIPO 30,6/15/2024 12:55:12 PM,22,3,5,False,0.3,0,,PIPO,,,,,,,,,,,,,
PIPO 30,6/15/2024 12:55:12 PM,23,3,10,False,0.2,0,,PIPO,,,,,,,,,,,,,
PIPO 30,6/15/2024 12:55:12 PM,24,3,15,False,0.8,0.1,,PIPO,,,,,,,,,,,,,
PIPO 30,6/15/2024 12:55:12 PM,25,3,20,False,0.4,0.3,,PIPO,,,,,,,,,,,,,
PIPO 30,6/15/2024 12:55:12 PM,26,3,25,False,0.3,0.1,,PIPO,,,,,,,,,,,,,
PIPO 30,6/15/2024 12:55:12 PM,27,3,30,False,0.3,0,,PIPO,,,,,,,,,,,,,
PIPO 30,6/15/2024 12:55:12 PM,28,3,35,False,0.2,0,,PIPO,,,,,,,,,,,,,
PIPO 30,6/15/2024 12:55:12 PM,29,3,40,False,0.1,0,,PIPO,,,,,,,,,,,,,
PIPO 30,6/15/2024 12:55:12 PM,30,3,45,False,0.4,0,,PIPO,,,,,,,,,,,,,
PIPO 30,6/15/2024 12:55:12 PM,31,4,1,False,0.3,0,,PIPO,,,,,,,,,,,,,
PIPO 30,6/15/2024 12:55:12 PM,32,4,5,False,0.3,0,,PIPO,,,,,,,,,,,,,
PIPO 30,6/15/2024 12:55:12 PM,33,4,10,False,0.5,0,,PIPO,,,,,,,,,,,,,
PIPO 30,6/15/2024 12:55:12 PM,34,4,15,False,0.1,0,,PIPO,,,,,,,,,,,,,
PIPO 30,6/15/2024 12:55:12 PM,35,4,20,False,0.2,0,,PIPO,,,,,,,,,,,,,
PIPO 30,6/15/2024 12:55:12 PM,36,4,25,False,0.4,0,,PIPO,,,,,,,,,,,,,
PIPO 30,6/15/2024 12:55:12 PM,37,4,30,False,1.2,0.2,,PIPO,,,,,,,,,,,,,
PIPO 30,6/15/2024 12:55:12 PM,38,4,35,False,0,0,,PIPO,,,,,,,,,,,,,
PIPO 30,6/15/2024 12:55:12 PM,39,4,40,False,0.3,0,,PIPO,,,,,,,,,,,,,
PIPO 30,6/15/2024 12:55:12 PM,40,4,45,False,0.3,0,,PIPO,,,,,,,,,,,,,
PIAB 11,8/1/2024 2:59:35 PM,,,,,,,,,,,,,4,Brannfors,Tumicki,,,,,True,
PIAB 11,8/1/2024 2:59:35 PM,1,1,1,False,1,0.7,,PIAB,,,,,,,,,,,,,
PIAB 11,8/1/2024 2:59:35 PM,2,1,5,False,0.5,0.1,,PIAB,,,,,,,,,,,,,
PIAB 11,8/1/2024 2:59:35 PM,3,1,10,False,1.1,0.3,,PIAB,,,,,,,,,,,,,
PIAB 11,8/1/2024 2:59:35 PM,4,1,15,False,0.6,0.2,,PIAB,,,,,,,,,,,,,
PIAB 11,8/1/2024 2:59:35 PM,5,1,20,False,1,0,,PIAB,,,,,,,,,,,,,
PIAB 11,8/1/2024 2:59:35 PM,6,1,25,False,1.9,0.4,,PIAB,,,,,,,,,,,,,
PIAB 11,8/1/2024 2:59:35 PM,7,1,30,False,0.8,0.6,,PIAB,,,,,,,,,,,,,
PIAB 11,8/1/2024 2:59:35 PM,8,1,35,False,0.9,0.7,,PIAB,,,,,,,,,,,,,
PIAB 11,8/1/2024 2:59:35 PM,9,1,40,False,0.6,0.1,,PIAB,,,,,,,,,,,,,
PIAB 11,8/1/2024 2:59:35 PM,10,1,45,False,0.3,0.1,,PIAB,,,,,,,,,,,,,
PIAB 11,8/1/2024 2:59:35 PM,11,2,1,False,1.2,0.2,,PIAB,,,,,,,,,,,,,
PIAB 11,8/1/2024 2:59:35 PM,12,2,5,False,1.9,1.7,,PIAB,,,,,,,,,,,,,
PIAB 11,8/1/2024 2:59:35 PM,13,2,10,False,0.5,0,,PIAB,,,,,,,,,,,,,
PIAB 11,8/1/2024 2:59:35 PM,14,2,15,False,1.1,0.4,,PIAB,,,,,,,,,,,,,
PIAB 11,8/1/2024 2:59:35 PM,15,2,20,False,2,0.6,,PIAB,,,,,,,,,,,,,
PIAB 11,8/1/2024 2:59:35 PM,16,2,25,False,0.7,0,,PIAB,,,,,,,,,,,,,
PIAB 11,8/1/2024 2:59:35 PM,17,2,30,False,0.9,0,,PIAB,,,,,,,,,,,,,
PIAB 11,8/1/2024 2:59:35 PM,18,2,35,False,1.3,0.9,,PIAB,,,,,,,,,,,,,
PIAB 11,8/1/2024 2:59:35 PM,19,2,40,False,1.1,0.5,,PIAB,,,,,,,,,,,,,
PIAB 11,8/1/2024 2:59:35 PM,20,2,45,False,1.2,1.5,,PIAB,,,,,,,,,,,,,
PIAB 11,8/1/2024 2:59:35 PM,21,3,1,False,1.9,2.3,,PIAB,,,,,,,,,,,,,
PIAB 11,8/1/2024 2:59:35 PM,22,3,5,False,1.2,0.3,,PIAB,,,,,,,,,,,,,
PIAB 11,8/1/2024 2:59:35 PM,23,3,10,False,0.9,0.8,,PIAB,,,,,,,,,,,,,
PIAB 11,8/1/2024 2:59:35 PM,24,3,15,False,0.8,0.8,,PIAB,,,,,,,,,,,,,
PIAB 11,8/1/2024 2:59:35 PM,25,3,20,False,0.1,0,,PIAB,,,,,,,,,,,,,
PIAB 11,8/1/2024 2:59:35 PM,26,3,25,False,1.2,0.5,,PIAB,,,,,,,,,,,,,
PIAB 11,8/1/2024 2:59:35 PM,27,3,30,False,1,0,,PIAB,,,,,,,,,,,,,
PIAB 11,8/1/2024 2:59:35 PM,28,3,35,False,0.8,0,,PIAB,,,,,,,,,,,,,
PIAB 11,8/1/2024 2:59:35 PM,29,3,40,False,0.9,0.6,,PIAB,,,,,,,,,,,,,
PIAB 11,8/1/2024 2:59:35 PM,30,3,45,False,1.2,0.1,,PIAB,,,,,,,,,,,,,
PIAB 11,8/1/2024 2:59:35 PM,31,4,1,False,1.1,0.5,,PIAB,,,,,,,,,,,,,
PIAB 11,8/1/2024 2:59:35 PM,32,4,5,False,1.8,1.1,,PIAB,,,,,,,,,,,,,
PIAB 11,8/1/2024 2:59:35 PM,33,4,10,False,2,1,,PIAB,,,,,,,,,,,,,
PIAB 11,8/1/2024 2:59:35 PM,34,4,15,False,1.6,0.8,,PIAB,,,,,,,,,,,,,
PIAB 11,8/1/2024 2:59:35 PM,35,4,20,False,1.7,1.1,,PIAB,,,,,,,,,,,,,
PIAB 11,8/1/2024 2:59:35 PM,36,4,25,False,1.8,1,,PIAB,,,,,,,,,,,,,
PIAB 11,8/1/2024 2:59:35 PM,37,4,30,False,2.2,1,,PIAB,,,,,,,,,,,,,
PIAB 11,8/1/2024 2:59:35 PM,38,4,35,False,2,0.4,,PIAB,,,,,,,,,,,,,
PIAB 11,8/1/2024 2:59:35 PM,39,4,40,False,1.8,1.1,,PIAB,,,,,,,,,,,,,
PIAB 11,8/1/2024 2:59:35 PM,40,4,45,False,2.1,1.9,,PIAB,,,,,,,,,,,,,
PIAB 02,8/1/2024 3:20:27 PM,,,,,,,,,,,,,4,Lalor; Tumicki,Tumicki,,,,,True,
PIAB 02,8/1/2024 3:20:27 PM,1,1,1,False,0.3,0.1,,PIAB,,,,,,,,,,,,,
PIAB 02,8/1/2024 3:20:27 PM,2,1,5,False,0.7,0.2,,PIAB,,,,,,,,,,,,,
PIAB 02,8/1/2024 3:20:27 PM,3,1,10,False,0.5,0.2,,PIAB,,,,,,,,,,,,,
PIAB 02,8/1/2024 3:20:27 PM,4,1,15,False,0.8,0.3,,PIAB,,,,,,,,,,,,,
PIAB 02,8/1/2024 3:20:27 PM,5,1,20,False,0.9,0.5,,PIAB,,,,,,,,,,,,,
PIAB 02,8/1/2024 3:20:27 PM,6,1,25,False,1.3,0.8,,PIAB,,,,,,,,,,,,,
PIAB 02,8/1/2024 3:20:27 PM,7,1,30,False,0.5,0.1,,PIAB,,,,,,,,,,,,,
PIAB 02,8/1/2024 3:20:27 PM,8,1,35,False,0.9,0.2,,PIAB,,,,,,,,,,,,,
PIAB 02,8/1/2024 3:20:27 PM,9,1,40,False,0.1,0,,PIAB,,,,,,,,,,,,,
PIAB 02,8/1/2024 3:20:27 PM,10,1,45,False,1.1,0.5,,PIAB,,,,,,,,,,,,,
PIAB 02,8/1/2024 3:20:27 PM,11,2,1,False,0.2,0.1,,PIAB,,,,,,,,,,,,,
PIAB 02,8/1/2024 3:20:27 PM,12,2,5,False,0.3,0.1,,PIAB,,,,,,,,,,,,,
PIAB 02,8/1/2024 3:20:27 PM,13,2,10,False,2.5,0.5,,PIAB,,,,,,,,,,,,,
PIAB 02,8/1/2024 3:20:27 PM,14,2,15,False,0.7,0.3,,PIAB,,,,,,,,,,,,,
PIAB 02,8/1/2024 3:20:27 PM,15,2,20,False,1.6,0.3,,PIAB,,,,,,,,,,,,,
PIAB 02,8/1/2024 3:20:27 PM,16,2,25,False,0.6,0.7,,PIAB,,,,,,,,,,,,,
PIAB 02,8/1/2024 3:20:27 PM,17,2,30,False,0.7,0.6,,PIAB,,,,,,,,,,,,,
PIAB 02,8/1/2024 3:20:27 PM,18,2,35,False,0.2,0.1,,PIAB,,,,,,,,,,,,,
PIAB 02,8/1/2024 3:20:27 PM,19,2,40,False,0.4,0.2,,PIAB,,,,,,,,,,,,,
PIAB 02,8/1/2024 3:20:27 PM,20,2,45,False,0.2,0.1,,PIAB,,,,,,,,,,,,,
PIAB 02,8/1/2024 3:20:27 PM,21,3,1,False,0,0,,PIAB,,,,,,,,,,,,,
PIAB 02,8/1/2024 3:20:27 PM,22,3,5,False,0.1,0,,PIAB,,,,,,,,,,,,,
PIAB 02,8/1/2024 3:20:27 PM,23,3,10,False,0.8,0.2,,PIAB,,,,,,,,,,,,,
PIAB 02,8/1/2024 3:20:27 PM,24,3,15,False,0.5,0.1,,PIAB,,,,,,,,,,,,,
PIAB 02,8/1/2024 3:20:27 PM,25,3,20,False,0.3,1.9,,PIAB,,,,,,,,,,,,,
PIAB 02,8/1/2024 3:20:27 PM,26,3,25,False,0.2,0,,PIAB,,,,,,,,,,,,,
PIAB 02,8/1/2024 3:20:27 PM,27,3,30,False,0.3,0,,PIAB,,,,,,,,,,,,,
PIAB 02,8/1/2024 3:20:27 PM,28,3,35,False,0.1,0,,PIAB,,,,,,,,,,,,,
PIAB 02,8/1/2024 3:20:27 PM,29,3,40,False,0.5,0.1,,PIAB,,,,,,,,,,,,,
PIAB 02,8/1/2024 3:20:27 PM,30,3,45,False,2.1,0.2,,PIAB,,,,,,,,,,,,,
PIAB 02,8/1/2024 3:20:27 PM,31,4,1,False,0.6,1.7,,PIAB,,,,,,,,,,,,,
PIAB 02,8/1/2024 3:20:27 PM,32,4,5,False,0.8,0.4,,PIAB,,,,,,,,,,,,,
PIAB 02,8/1/2024 3:20:27 PM,33,4,10,False,1.1,0.8,,PIAB,,,,,,,,,,,,,
PIAB 02,8/1/2024 3:20:27 PM,34,4,15,False,3.8,1.3,,PIAB,,,,,,,,,,,,,
PIAB 02,8/1/2024 3:20:27 PM,35,4,20,False,0.8,1.3,,PIAB,,,,,,,,,,,,,
PIAB 02,8/1/2024 3:20:27 PM,36,4,25,False,1.3,0.4,,PIAB,,,,,,,,,,,,,
PIAB 02,8/1/2024 3:20:27 PM,37,4,30,False,1.2,0.2,,PIAB,,,,,,,,,,,,,
PIAB 02,8/1/2024 3:20:27 PM,38,4,35,False,0.7,1.2,,PIAB,,,,,,,,,,,,,
PIAB 02,8/1/2024 3:20:27 PM,39,4,40,False,4.5,0.4,,PIAB,,,,,,,,,,,,,
PIAB 02,8/1/2024 3:20:27 PM,40,4,45,False,0.7,0.3,,PIAB,,,,,,,,,,,,,
PIPN 13,9/11/2024 3:02:58 PM,,,,,,,,,,,,,4,Gilmore,Gilmore,,,,Bison-beefalo,True,
PIPN 13,9/11/2024 3:02:58 PM,1,1,1,False,0.6,0.2,,PIPN,,,,,,,,,,,,,
PIPN 13,9/11/2024 3:02:58 PM,2,1,5,False,0.7,0.5,,PIPN,,,,,,,,,,,,,
PIPN 13,9/11/2024 3:02:58 PM,3,1,10,False,1,1.2,,PIPN,,,,,,,,,,,,,
PIPN 13,9/11/2024 3:02:58 PM,4,1,15,False,0.2,0,,PIPN,,,,,,,,,,,,,
PIPN 13,9/11/2024 3:02:58 PM,5,1,20,False,2.2,1.7,,PIPN,,,,,,,,,,,,,
PIPN 13,9/11/2024 3:02:58 PM,6,1,25,False,0.2,0,,PIPN,,,,,,,,,,,,,
PIPN 13,9/11/2024 3:02:58 PM,7,1,30,False,0.4,0.1,,PIPN,,,,,,,,,,,,,
PIPN 13,9/11/2024 3:02:58 PM,8,1,35,False,0.2,0,,PIPN,,,,,,,,,,,,,
PIPN 13,9/11/2024 3:02:58 PM,9,1,40,False,1,0.2,,PIPN,,,,,,,,,,,,,
PIPN 13,9/11/2024 3:02:58 PM,10,1,45,False,0.3,0,,PIPN,,,,,,,,,,,,,
PIPN 13,9/11/2024 3:02:58 PM,11,2,1,False,0.3,0,,PIPN,,,,,,,,,,,,,
PIPN 13,9/11/2024 3:02:58 PM,12,2,5,False,0.8,1,,PIPN,,,,,,,,,,,,,
PIPN 13,9/11/2024 3:02:58 PM,13,2,10,False,0.2,0.2,,PIPN,,,,,,,,,,,,,
PIPN 13,9/11/2024 3:02:58 PM,14,2,15,False,0.1,0,,PIPN,,,,,,,,,,,,,
PIPN 13,9/11/2024 3:02:58 PM,15,2,20,False,0.4,0.1,,PIPN,,,,,,,,,,,,,
PIPN 13,9/11/2024 3:02:58 PM,16,2,25,False,0.1,0,,PIPN,,,,,,,,,,,,,
PIPN 13,9/11/2024 3:02:58 PM,17,2,30,False,0.4,0.2,,PIPN,,,,,,,,,,,,,
PIPN 13,9/11/2024 3:02:58 PM,18,2,35,False,0.1,0,,PIPN,,,,,,,,,,,,,
PIPN 13,9/11/2024 3:02:58 PM,19,2,40,False,0,0,,PIPN,,,,,,,,,,,,,
PIPN 13,9/11/2024 3:02:58 PM,20,2,45,False,0.1,0,,PIPN,,,,,,,,,,,,,
PIPN 13,9/11/2024 3:02:58 PM,21,3,1,False,0.8,0.5,,PIPN,,,,,,,,,,,,,
PIPN 13,9/11/2024 3:02:58 PM,22,3,5,False,0.7,0.4,,PIPN,,,,,,,,,,,,,
PIPN 13,9/11/2024 3:02:58 PM,23,3,10,False,4,0,,PIPN,,,,,,,,,,,,,
PIPN 13,9/11/2024 3:02:58 PM,24,3,15,False,0.9,0.6,,PIPN,,,,,,,,,,,,,
PIPN 13,9/11/2024 3:02:58 PM,25,3,20,False,0.8,0.6,,PIPN,,,,,,,,,,,,,
PIPN 13,9/11/2024 3:02:58 PM,26,3,25,False,1.2,0.5,,PIPN,,,,,,,,,,,,,
PIPN 13,9/11/2024 3:02:58 PM,27,3,30,False,0.4,0.2,,PIPN,,,,,,,,,,,,,
PIPN 13,9/11/2024 3:02:58 PM,28,3,35,False,0.6,0.5,,PIPN,,,,,,,,,,,,,
PIPN 13,9/11/2024 3:02:58 PM,29,3,40,False,0.2,0,,PIPN,,,,,,,,,,,,,
PIPN 13,9/11/2024 3:02:58 PM,30,3,45,False,0.7,0.6,,PIPN,,,,,,,,,,,,,
PIPN 13,9/11/2024 3:02:58 PM,31,4,1,False,0.7,0.4,,PIPN,,,,,,,,,,,,,
PIPN 13,9/11/2024 3:02:58 PM,32,4,5,False,0.6,0.5,,PIPN,,,,,,,,,,,,,
PIPN 13,9/11/2024 3:02:58 PM,33,4,10,False,0.7,0.4,,PIPN,,,,,,,,,,,,,
PIPN 13,9/11/2024 3:02:58 PM,34,4,15,False,0.5,0.3,,PIPN,,,,,,,,,,,,,
PIPN 13,9/11/2024 3:02:58 PM,35,4,20,False,0.6,0.2,,PIPN,,,,,,,,,,,,,
PIPN 13,9/11/2024 3:02:58 PM,36,4,25,False,0.3,0.1,,PIPN,,,,,,,,,,,,,
PIPN 13,9/11/2024 3:02:58 PM,37,4,30,False,0.2,0.1,,PIPN,,,,,,,,,,,,,
PIPN 13,9/11/2024 3:02:58 PM,38,4,35,False,0.3,0,,PIPN,,,,,,,,,,,,,
PIPN 13,9/11/2024 3:02:58 PM,39,4,40,False,0.1,0,,PIPN,,,,,,,,,,,,,
PIPN 13,9/11/2024 3:02:58 PM,40,4,45,False,0.2,0.1,,PIPN,,,,,,,,,,,,,
PIPN 08,9/10/2024 3:01:35 PM,,,,,,,,,,,,,4,Tumicki,Brannfors,,,,,True,
PIPN 08,9/10/2024 3:01:35 PM,1,1,1,False,0.4,0,,PIPN,,,,,,,,,,,,,
PIPN 08,9/10/2024 3:01:35 PM,2,1,5,False,0.3,0,,PIPN,,,,,,,,,,,,,
PIPN 08,9/10/2024 3:01:35 PM,3,1,10,False,1,0,,PIPN,,,,,,,,,,,,,
PIPN 08,9/10/2024 3:01:35 PM,4,1,15,False,1.2,0.1,,PIPN,,,,,,,,,,,,,
PIPN 08,9/10/2024 3:01:35 PM,5,1,20,False,0.7,0,,PIPN,,,,,,,,,,,,,
PIPN 08,9/10/2024 3:01:35 PM,6,1,25,False,0.1,0,,PIPN,,,,,,,,,,,,,
PIPN 08,9/10/2024 3:01:35 PM,7,1,30,False,0.9,0,,PIPN,,,,,,,,,,,,,
PIPN 08,9/10/2024 3:01:35 PM,8,1,35,False,0.5,0.2,,PIPN,,,,,,,,,,,,,
PIPN 08,9/10/2024 3:01:35 PM,9,1,40,False,1.2,0,,PIPN,,,,,,,,,,,,,
PIPN 08,9/10/2024 3:01:35 PM,10,1,45,False,0.4,1,,PIPN,,,,,,,,,,,,,
PIPN 08,9/10/2024 3:01:35 PM,11,2,1,False,0.5,0,,PIPN,,,,,,,,,,,,,
PIPN 08,9/10/2024 3:01:35 PM,12,2,5,False,0.2,0,,PIPN,,,,,,,,,,,,,
PIPN 08,9/10/2024 3:01:35 PM,13,2,10,False,1.3,0.2,,PIPN,,,,,,,,,,,,,
PIPN 08,9/10/2024 3:01:35 PM,14,2,15,False,2,0.1,,PIPN,,,,,,,,,,,,,
PIPN 08,9/10/2024 3:01:35 PM,15,2,20,False,0.7,0.1,,PIPN,,,,,,,,,,,,,
PIPN 08,9/10/2024 3:01:35 PM,16,2,25,False,0.5,0,,PIPN,,,,,,,,,,,,,
PIPN 08,9/10/2024 3:01:35 PM,17,2,30,False,0.2,0.1,,PIPN,,,,,,,,,,,,,
PIPN 08,9/10/2024 3:01:35 PM,18,2,35,False,1,0.3,,PIPN,,,,,,,,,,,,,
PIPN 08,9/10/2024 3:01:35 PM,19,2,40,False,0.8,0.4,,PIPN,,,,,,,,,,,,,
PIPN 08,9/10/2024 3:01:35 PM,20,2,45,False,0.1,0.2,,PIPN,,,,,,,,,,,,,
PIPN 08,9/10/2024 3:01:35 PM,21,3,1,False,0.2,1.1,,PIPN,,,,,,,,,,,,,
PIPN 08,9/10/2024 3:01:35 PM,22,3,5,False,0.1,0,,PIPN,,,,,,,,,,,,,
PIPN 08,9/10/2024 3:01:35 PM,23,3,10,False,0.2,0,,PIPN,,,,,,,,,,,,,
PIPN 08,9/10/2024 3:01:35 PM,24,3,15,False,0.2,0.1,,PIPN,,,,,,,,,,,,,
PIPN 08,9/10/2024 3:01:35 PM,25,3,20,False,0.5,0.1,,PIPN,,,,,,,,,,,,,
PIPN 08,9/10/2024 3:01:35 PM,26,3,25,False,0.4,0.1,,PIPN,,,,,,,,,,,,,
PIPN 08,9/10/2024 3:01:35 PM,27,3,30,False,0.9,0.3,,PIPN,,,,,,,,,,,,,
PIPN 08,9/10/2024 3:01:35 PM,28,3,35,False,0.7,0.2,,PIPN,,,,,,,,,,,,,
PIPN 08,9/10/2024 3:01:35 PM,29,3,40,False,0.3,0.1,,PIPN,,,,,,,,,,,,,
PIPN 08,9/10/2024 3:01:35 PM,30,3,45,False,0.3,0,,PIPN,,,,,,,,,,,,,
PIPN 08,9/10/2024 3:01:35 PM,31,4,1,False,0.2,0.3,,PIPN,,,,,,,,,,,,,
PIPN 08,9/10/2024 3:01:35 PM,32,4,5,False,0.8,0.6,,PIPN,,,,,,,,,,,,,
PIPN 08,9/10/2024 3:01:35 PM,33,4,10,False,1.4,0.5,,PIPN,,,,,,,,,,,,,
PIPN 08,9/10/2024 3:01:35 PM,34,4,15,False,0.3,0,,PIPN,,,,,,,,,,,,,
PIPN 08,9/10/2024 3:01:35 PM,35,4,20,False,0.7,0,,PIPN,,,,,,,,,,,,,
PIPN 08,9/10/2024 3:01:35 PM,36,4,25,False,1.1,0,,PIPN,,,,,,,,,,,,,
PIPN 08,9/10/2024 3:01:35 PM,37,4,30,False,0.6,0.1,,PIPN,,,,,,,,,,,,,
PIPN 08,9/10/2024 3:01:35 PM,38,4,35,False,1,0.2,,PIPN,,,,,,,,,,,,,
PIPN 08,9/10/2024 3:01:35 PM,39,4,40,False,1.3,0.1,,PIPN,,,,,,,,,,,,,
PIPN 08,9/10/2024 3:01:35 PM,40,4,45,False,1.1,0.1,,PIPN,,,,,,,,,,,,,
PIAB 06,9/4/2024 2:52:07 PM,,,,,,,,,,,,,4,Gilmore,Tumicki,,,,,True,
PIAB 06,9/4/2024 2:52:07 PM,1,1,1,False,0.5,0.4,,PIAB,,,,,,,,,,,,,
PIAB 06,9/4/2024 2:52:07 PM,2,1,5,False,0.5,0.2,,PIAB,,,,,,,,,,,,,
PIAB 06,9/4/2024 2:52:07 PM,3,1,10,False,0.1,0,,PIAB,,,,,,,,,,,,,
PIAB 06,9/4/2024 2:52:07 PM,4,1,15,False,1,0.8,,PIAB,,,,,,,,,,,,,
PIAB 06,9/4/2024 2:52:07 PM,5,1,20,False,0.1,0,,PIAB,,,,,,,,,,,,,
PIAB 06,9/4/2024 2:52:07 PM,6,1,25,False,0.6,0.5,,PIAB,,,,,,,,,,,,,
PIAB 06,9/4/2024 2:52:07 PM,7,1,30,False,0,0,,PIAB,,,,,,,,,,,,,
PIAB 06,9/4/2024 2:52:07 PM,8,1,35,False,0.1,0,,PIAB,,,,,,,,,,,,,
PIAB 06,9/4/2024 2:52:07 PM,9,1,40,False,0.1,0,,PIAB,,,,,,,,,,,,,
PIAB 06,9/4/2024 2:52:07 PM,10,1,45,False,0.3,0,,PIAB,,,,,,,,,,,,,
PIAB 06,9/4/2024 2:52:07 PM,11,2,1,False,0.1,0,,PIAB,,,,,,,,,,,,,
PIAB 06,9/4/2024 2:52:07 PM,12,2,5,False,0,0,,PIAB,,,,,,,,,,,,,
PIAB 06,9/4/2024 2:52:07 PM,13,2,10,False,0.1,0,,PIAB,,,,,,,,,,,,,
PIAB 06,9/4/2024 2:52:07 PM,14,2,15,False,0.2,0.1,,PIAB,,,,,,,,,,,,,
PIAB 06,9/4/2024 2:52:07 PM,15,2,20,False,0.8,0.5,,PIAB,,,,,,,,,,,,,
PIAB 06,9/4/2024 2:52:07 PM,16,2,25,False,0.3,0.5,,PIAB,,,,,,,,,,,,,
PIAB 06,9/4/2024 2:52:07 PM,17,2,30,False,0.4,0.6,,PIAB,,,,,,,,,,,,,
PIAB 06,9/4/2024 2:52:07 PM,18,2,35,False,0.7,0.3,,PIAB,,,,,,,,,,,,,
PIAB 06,9/4/2024 2:52:07 PM,19,2,40,False,0.9,1.7,,PIAB,,,,,,,,,,,,,
PIAB 06,9/4/2024 2:52:07 PM,20,2,45,False,0.8,0.7,,PIAB,,,,,,,,,,,,,
PIAB 06,9/4/2024 2:52:07 PM,21,3,1,False,0.6,0.6,,PIAB,,,,,,,,,,,,,
PIAB 06,9/4/2024 2:52:07 PM,22,3,5,False,0.1,0,,PIAB,,,,,,,,,,,,,
PIAB 06,9/4/2024 2:52:07 PM,23,3,10,False,0.6,0.5,,PIAB,,,,,,,,,,,,,
PIAB 06,9/4/2024 2:52:07 PM,24,3,15,False,0.1,0,,PIAB,,,,,,,,,,,,,
PIAB 06,9/4/2024 2:52:07 PM,25,3,20,False,0,0,,PIAB,,,,,,,,,,,,,
PIAB 06,9/4/2024 2:52:07 PM,26,3,25,False,0.3,0,,PIAB,,,,,,,,,,,,,
PIAB 06,9/4/2024 2:52:07 PM,27,3,30,False,0.6,0.8,,PIAB,,,,,,,,,,,,,
PIAB 06,9/4/2024 2:52:07 PM,28,3,35,False,0.3,0.1,,PIAB,,,,,,,,,,,,,
PIAB 06,9/4/2024 2:52:07 PM,29,3,40,False,0.7,0.6,,PIAB,,,,,,,,,,,,,
PIAB 06,9/4/2024 2:52:07 PM,30,3,45,False,0.7,0.8,,PIAB,,,,,,,,,,,,,
PIAB 06,9/4/2024 2:52:07 PM,31,4,1,False,0.9,1.6,,PIAB,,,,,,,,,,,,,
PIAB 06,9/4/2024 2:52:07 PM,32,4,5,False,0.6,0.5,,PIAB,,,,,,,,,,,,,
PIAB 06,9/4/2024 2:52:07 PM,33,4,10,False,1.1,0.6,,PIAB,,,,,,,,,,,,,
PIAB 06,9/4/2024 2:52:07 PM,34,4,15,False,0.3,0.4,,PIAB,,,,,,,,,,,,,
PIAB 06,9/4/2024 2:52:07 PM,35,4,20,False,0.7,0.5,,PIAB,,,,,,,,,,,,,
PIAB 06,9/4/2024 2:52:07 PM,36,4,25,False,0.5,0.8,,PIAB,,,,,,,,,,,,,
PIAB 06,9/4/2024 2:52:07 PM,37,4,30,False,0.8,1.1,,PIAB,,,,,,,,,,,,,
PIAB 06,9/4/2024 2:52:07 PM,38,4,35,False,0.7,0.9,,PIAB,,,,,,,,,,,,,
PIAB 06,9/4/2024 2:52:07 PM,39,4,40,False,0.9,2.7,,PIAB,,,,,,,,,,,,,
PIAB 06,9/4/2024 2:52:07 PM,40,4,45,False,0.7,0.8,,PIAB,,,,,,,,,,,,,
PIPN 02,6/5/2024 1:14:48 PM,,,,,,,,,,,,,4,Lalor; Brannfors,Tumicki,,,,,True,
PIPN 02,6/5/2024 1:14:48 PM,1,1,1,False,0.8,0.3,,PIPN,,,,,,,,,,,,,
PIPN 02,6/5/2024 1:14:48 PM,2,1,5,False,0.9,0.5,,PIPN,,,,,,,,,,,,,
PIPN 02,6/5/2024 1:14:48 PM,3,1,10,False,0.9,1,,PIPN,,,,,,,,,,,,,
PIPN 02,6/5/2024 1:14:48 PM,4,1,15,False,1.4,0.5,,PIPN,,,,,,,,,,,,,
PIPN 02,6/5/2024 1:14:48 PM,5,1,20,False,0.8,0.3,,PIPN,,,,,,,,,,,,,
PIPN 02,6/5/2024 1:14:48 PM,6,1,25,False,0.5,0.3,,PIPN,,,,,,,,,,,,,
PIPN 02,6/5/2024 1:14:48 PM,7,1,30,False,0.6,0.4,,PIPN,,,,,,,,,,,,,
PIPN 02,6/5/2024 1:14:48 PM,8,1,35,False,1,0.6,,PIPN,,,,,,,,,,,,,
PIPN 02,6/5/2024 1:14:48 PM,9,1,40,False,0.5,0.2,,PIPN,,,,,,,,,,,,,
PIPN 02,6/5/2024 1:14:48 PM,10,1,45,False,0.6,0.3,,PIPN,,,,,,,,,,,,,
PIPN 02,6/5/2024 1:14:48 PM,11,2,1,False,0.9,0,,PIPN,,,,,,,,,,,,,
PIPN 02,6/5/2024 1:14:48 PM,12,2,5,False,0.5,0,,PIPN,,,,,,,,,,,,,
PIPN 02,6/5/2024 1:14:48 PM,13,2,10,False,0.9,0,,PIPN,,,,,,,,,,,,,
PIPN 02,6/5/2024 1:14:48 PM,14,2,15,False,0.8,0,,PIPN,,,,,,,,,,,,,
PIPN 02,6/5/2024 1:14:48 PM,15,2,20,False,0.5,0,,PIPN,,,,,,,,,,,,,
PIPN 02,6/5/2024 1:14:48 PM,16,2,25,False,0.8,0,,PIPN,,,,,,,,,,,,,
PIPN 02,6/5/2024 1:14:48 PM,17,2,30,False,0.8,0.2,,PIPN,,,,,,,,,,,,,
PIPN 02,6/5/2024 1:14:48 PM,18,2,35,False,0.7,0.1,,PIPN,,,,,,,,,,,,,
PIPN 02,6/5/2024 1:14:48 PM,19,2,40,False,1.2,0.4,,PIPN,,,,,,,,,,,,,
PIPN 02,6/5/2024 1:14:48 PM,20,2,45,False,0.3,0,,PIPN,,,,,,,,,,,,,
PIPN 02,6/5/2024 1:14:48 PM,21,3,1,False,0.7,0,,PIPN,,,,,,,,,,,,,
PIPN 02,6/5/2024 1:14:48 PM,22,3,5,False,0.6,0.5,,PIPN,,,,,,,,,,,,,
PIPN 02,6/5/2024 1:14:48 PM,23,3,10,False,0.2,0.1,,PIPN,,,,,,,,,,,,,
PIPN 02,6/5/2024 1:14:48 PM,24,3,15,False,0.7,0.1,,PIPN,,,,,,,,,,,,,
PIPN 02,6/5/2024 1:14:48 PM,25,3,20,False,0.9,0,,PIPN,,,,,,,,,,,,,
PIPN 02,6/5/2024 1:14:48 PM,26,3,25,False,0.8,0,,PIPN,,,,,,,,,,,,,
PIPN 02,6/5/2024 1:14:48 PM,27,3,30,False,0.5,0.2,,PIPN,,,,,,,,,,,,,
PIPN 02,6/5/2024 1:14:48 PM,28,3,35,False,0.5,0.1,,PIPN,,,,,,,,,,,,,
PIPN 02,6/5/2024 1:14:48 PM,29,3,40,False,0.9,0.2,,PIPN,,,,,,,,,,,,,
PIPN 02,6/5/2024 1:14:48 PM,30,3,45,False,0.6,0,,PIPN,,,,,,,,,,,,,
PIPN 02,6/5/2024 1:14:48 PM,31,4,1,False,0.7,0.3,,PIPN,,,,,,,,,,,,,
PIPN 02,6/5/2024 1:14:48 PM,32,4,5,False,0.9,0.1,,PIPN,,,,,,,,,,,,,
PIPN 02,6/5/2024 1:14:48 PM,33,4,10,False,0.8,0.3,,PIPN,,,,,,,,,,,,,
PIPN 02,6/5/2024 1:14:48 PM,34,4,15,False,0.9,0.7,,PIPN,,,,,,,,,,,,,
PIPN 02,6/5/2024 1:14:48 PM,35,4,20,False,0.5,0,,PIPN,,,,,,,,,,,,,
PIPN 02,6/5/2024 1:14:48 PM,36,4,25,False,1.2,0.5,,PIPN,,,,,,,,,,,,,
PIPN 02,6/5/2024 1:14:48 PM,37,4,30,False,0.9,0.1,,PIPN,,,,,,,,,,,,,
PIPN 02,6/5/2024 1:14:48 PM,38,4,35,False,1.1,0.2,,PIPN,,,,,,,,,,,,,
PIPN 02,6/5/2024 1:14:48 PM,39,4,40,False,0.4,0.5,,PIPN,,,,,,,,,,,,,
PIPN 02,6/5/2024 1:14:48 PM,40,4,45,False,0.8,0,,PIPN,,,,,,,,,,,,,
PIPN 20,9/10/2024 3:04:26 PM,,,,,,,,,,,,,4,Brannfors,Gilmore,,,,,True,
PIPN 20,9/10/2024 3:04:26 PM,1,1,1,False,0.4,0,,PIPN,,,,,,,,,,,,,
PIPN 20,9/10/2024 3:04:26 PM,2,1,5,False,1.8,0.3,,PIPN,,,,,,,,,,,,,
PIPN 20,9/10/2024 3:04:26 PM,3,1,10,False,1.5,0.3,,PIPN,,,,,,,,,,,,,
PIPN 20,9/10/2024 3:04:26 PM,4,1,15,False,1.6,0.3,,PIPN,,,,,,,,,,,,,
PIPN 20,9/10/2024 3:04:26 PM,5,1,20,False,1.7,0.4,,PIPN,,,,,,,,,,,,,
PIPN 20,9/10/2024 3:04:26 PM,6,1,25,False,0.8,0.1,,PIPN,,,,,,,,,,,,,
PIPN 20,9/10/2024 3:04:26 PM,7,1,30,False,1.2,0.1,,PIPN,,,,,,,,,,,,,
PIPN 20,9/10/2024 3:04:26 PM,8,1,35,False,0.6,0,,PIPN,,,,,,,,,,,,,
PIPN 20,9/10/2024 3:04:26 PM,9,1,40,False,0.5,0,,PIPN,,,,,,,,,,,,,
PIPN 20,9/10/2024 3:04:26 PM,10,1,45,False,0.6,0,,PIPN,,,,,,,,,,,,,
PIPN 20,9/10/2024 3:04:26 PM,11,2,1,False,0.3,0,,PIPN,,,,,,,,,,,,,
PIPN 20,9/10/2024 3:04:26 PM,12,2,5,False,0.5,0,,PIPN,,,,,,,,,,,,,
PIPN 20,9/10/2024 3:04:26 PM,13,2,10,False,0.9,0,,PIPN,,,,,,,,,,,,,
PIPN 20,9/10/2024 3:04:26 PM,14,2,15,False,1,0,,PIPN,,,,,,,,,,,,,
PIPN 20,9/10/2024 3:04:26 PM,15,2,20,False,0.7,0.2,,PIPN,,,,,,,,,,,,,
PIPN 20,9/10/2024 3:04:26 PM,16,2,25,False,0.8,0.1,,PIPN,,,,,,,,,,,,,
PIPN 20,9/10/2024 3:04:26 PM,17,2,30,False,1.7,0.3,,PIPN,,,,,,,,,,,,,
PIPN 20,9/10/2024 3:04:26 PM,18,2,35,False,0.9,0.3,,PIPN,,,,,,,,,,,,,
PIPN 20,9/10/2024 3:04:26 PM,19,2,40,False,1.9,0.6,,PIPN,,,,,,,,,,,,,
PIPN 20,9/10/2024 3:04:26 PM,20,2,45,False,1.4,0.4,,PIPN,,,,,,,,,,,,,
PIPN 20,9/10/2024 3:04:26 PM,21,3,1,False,0.8,0.1,,PIPN,,,,,,,,,,,,,
PIPN 20,9/10/2024 3:04:26 PM,22,3,5,False,0.3,0,,PIPN,,,,,,,,,,,,,
PIPN 20,9/10/2024 3:04:26 PM,23,3,10,False,0.4,0,,PIPN,,,,,,,,,,,,,
PIPN 20,9/10/2024 3:04:26 PM,24,3,15,False,0.1,0,,PIPN,,,,,,,,,,,,,
PIPN 20,9/10/2024 3:04:26 PM,25,3,20,False,0.6,0,,PIPN,,,,,,,,,,,,,
PIPN 20,9/10/2024 3:04:26 PM,26,3,25,False,0.1,0.1,,PIPN,,,,,,,,,,,,,
PIPN 20,9/10/2024 3:04:26 PM,27,3,30,False,0.9,0.1,,PIPN,,,,,,,,,,,,,
PIPN 20,9/10/2024 3:04:26 PM,28,3,35,False,1,0.2,,PIPN,,,,,,,,,,,,,
PIPN 20,9/10/2024 3:04:26 PM,29,3,40,False,0.6,0.1,,PIPN,,,,,,,,,,,,,
PIPN 20,9/10/2024 3:04:26 PM,30,3,45,False,0.2,0,,PIPN,,,,,,,,,,,,,
PIPN 20,9/10/2024 3:04:26 PM,31,4,1,False,0.8,0.2,,PIPN,,,,,,,,,,,,,
PIPN 20,9/10/2024 3:04:26 PM,32,4,5,False,0.3,0,,PIPN,,,,,,,,,,,,,
PIPN 20,9/10/2024 3:04:26 PM,33,4,10,False,0.9,0.1,,PIPN,,,,,,,,,,,,,
PIPN 20,9/10/2024 3:04:26 PM,34,4,15,False,1,0.1,,PIPN,,,,,,,,,,,,,
PIPN 20,9/10/2024 3:04:26 PM,35,4,20,False,0.6,0,,PIPN,,,,,,,,,,,,,
PIPN 20,9/10/2024 3:04:26 PM,36,4,25,False,0.6,0,,PIPN,,,,,,,,,,,,,
PIPN 20,9/10/2024 3:04:26 PM,37,4,30,False,0.5,0,,PIPN,,,,,,,,,,,,,
PIPN 20,9/10/2024 3:04:26 PM,38,4,35,False,1,0.1,,PIPN,,,,,,,,,,,,,
PIPN 20,9/10/2024 3:04:26 PM,39,4,40,False,0.5,0.1,,PIPN,,,,,,,,,,,,,
PIPN 20,9/10/2024 3:04:26 PM,40,4,45,False,0.6,0,,PIPN,,,,,,,,,,,,,
PIPN 16,8/15/2024 3:10:25 PM,,,,,,,,,,,,,4,Tumicki,Gilmore,,,,,True,
PIPN 16,8/15/2024 3:10:25 PM,1,1,1,False,1.2,0.4,,PIPN,,,,,,,,,,,,,
PIPN 16,8/15/2024 3:10:25 PM,2,1,5,False,0.6,0.4,,PIPN,,,,,,,,,,,,,
PIPN 16,8/15/2024 3:10:25 PM,3,1,10,False,1.3,0.2,,PIPN,,,,,,,,,,,,,
PIPN 16,8/15/2024 3:10:25 PM,4,1,15,False,2.1,1.3,,PIPN,,,,,,,,,,,,,
PIPN 16,8/15/2024 3:10:25 PM,5,1,20,False,1.2,1.3,,PIPN,,,,,,,,,,,,,
PIPN 16,8/15/2024 3:10:25 PM,6,1,25,False,1.6,0,,PIPN,,,,,,,,,,,,,
PIPN 16,8/15/2024 3:10:25 PM,7,1,30,False,1.5,0.1,,PIPN,,,,,,,,,,,,,
PIPN 16,8/15/2024 3:10:25 PM,8,1,35,False,0.7,0.8,,PIPN,,,,,,,,,,,,,
PIPN 16,8/15/2024 3:10:25 PM,9,1,40,False,1,1.1,,PIPN,,,,,,,,,,,,,
PIPN 16,8/15/2024 3:10:25 PM,10,1,45,False,0.9,1.4,,PIPN,,,,,,,,,,,,,
PIPN 16,8/15/2024 3:10:25 PM,11,2,1,False,2.3,0.3,,PIPN,,,,,,,,,,,,,
PIPN 16,8/15/2024 3:10:25 PM,12,2,5,False,0.2,0,,PIPN,,,,,,,,,,,,,
PIPN 16,8/15/2024 3:10:25 PM,13,2,10,False,0.7,0.4,,PIPN,,,,,,,,,,,,,
PIPN 16,8/15/2024 3:10:25 PM,14,2,15,False,1.2,0.2,,PIPN,,,,,,,,,,,,,
PIPN 16,8/15/2024 3:10:25 PM,15,2,20,False,1.5,0.5,,PIPN,,,,,,,,,,,,,
PIPN 16,8/15/2024 3:10:25 PM,16,2,25,False,0.1,0.3,,PIPN,,,,,,,,,,,,,
PIPN 16,8/15/2024 3:10:25 PM,17,2,30,False,1.7,1,,PIPN,,,,,,,,,,,,,
PIPN 16,8/15/2024 3:10:25 PM,18,2,35,False,0.4,0.8,,PIPN,,,,,,,,,,,,,
PIPN 16,8/15/2024 3:10:25 PM,19,2,40,False,1.8,1.2,,PIPN,,,,,,,,,,,,,
PIPN 16,8/15/2024 3:10:25 PM,20,2,45,False,0.7,0,,PIPN,,,,,,,,,,,,,
PIPN 16,8/15/2024 3:10:25 PM,21,3,1,False,1.5,0.8,,PIPN,,,,,,,,,,,,,
PIPN 16,8/15/2024 3:10:25 PM,22,3,5,False,0.3,2,,PIPN,,,,,,,,,,,,,
PIPN 16,8/15/2024 3:10:25 PM,23,3,10,False,0.3,0,,PIPN,,,,,,,,,,,,,
PIPN 16,8/15/2024 3:10:25 PM,24,3,15,False,0.4,0.2,,PIPN,,,,,,,,,,,,,
PIPN 16,8/15/2024 3:10:25 PM,25,3,20,False,0.3,0,,PIPN,,,,,,,,,,,,,
PIPN 16,8/15/2024 3:10:25 PM,26,3,25,False,0.5,1.1,,PIPN,,,,,,,,,,,,,
PIPN 16,8/15/2024 3:10:25 PM,27,3,30,False,1.3,1.7,,PIPN,,,,,,,,,,,,,
PIPN 16,8/15/2024 3:10:25 PM,28,3,35,False,1.1,0.6,,PIPN,,,,,,,,,,,,,
PIPN 16,8/15/2024 3:10:25 PM,29,3,40,False,0.7,1,,PIPN,,,,,,,,,,,,,
PIPN 16,8/15/2024 3:10:25 PM,30,3,45,False,0.3,0,,PIPN,,,,,,,,,,,,,
PIPN 16,8/15/2024 3:10:25 PM,31,4,1,False,2.1,0.3,,PIPN,,,,,,,,,,,,,
PIPN 16,8/15/2024 3:10:25 PM,32,4,5,False,1.4,0.3,,PIPN,,,,,,,,,,,,,
PIPN 16,8/15/2024 3:10:25 PM,33,4,10,False,0.3,0.8,,PIPN,,,,,,,,,,,,,
PIPN 16,8/15/2024 3:10:25 PM,34,4,15,False,1.6,0.9,,PIPN,,,,,,,,,,,,,
PIPN 16,8/15/2024 3:10:25 PM,35,4,20,False,0.7,0.5,,PIPN,,,,,,,,,,,,,
PIPN 16,8/15/2024 3:10:25 PM,36,4,25,False,0.5,0.7,,PIPN,,,,,,,,,,,,,
PIPN 16,8/15/2024 3:10:25 PM,37,4,30,False,0.7,0.2,,PIPN,,,,,,,,,,,,,
PIPN 16,8/15/2024 3:10:25 PM,38,4,35,False,0.3,0,,PIPN,,,,,,,,,,,,,
PIPN 16,8/15/2024 3:10:25 PM,39,4,40,False,0.1,0,,PIPN,,,,,,,,,,,,,
PIPN 16,8/15/2024 3:10:25 PM,40,4,45,False,2.2,0.6,,PIPN,,,,,,,,,,,,,
PIPN 18,8/14/2024 3:12:51 PM,,,,,,,,,,,,,4,Lalor,Gilmore,,,,,True,
PIPN 18,8/14/2024 3:12:51 PM,1,1,1,False,2,0.4,,PIPN,,,,,,,,,,,,,
PIPN 18,8/14/2024 3:12:51 PM,2,1,5,False,1.5,1.3,,PIPN,,,,,,,,,,,,,
PIPN 18,8/14/2024 3:12:51 PM,3,1,10,False,0.4,1.7,,PIPN,,,,,,,,,,,,,
PIPN 18,8/14/2024 3:12:51 PM,4,1,15,False,0.9,0.2,,PIPN,,,,,,,,,,,,,
PIPN 18,8/14/2024 3:12:51 PM,5,1,20,False,0.3,0.1,,PIPN,,,,,,,,,,,,,
PIPN 18,8/14/2024 3:12:51 PM,6,1,25,False,0.7,0,,PIPN,,,,,,,,,,,,,
PIPN 18,8/14/2024 3:12:51 PM,7,1,30,False,0.4,0.1,,PIPN,,,,,,,,,,,,,
PIPN 18,8/14/2024 3:12:51 PM,8,1,35,False,0.3,0,,PIPN,,,,,,,,,,,,,
PIPN 18,8/14/2024 3:12:51 PM,9,1,40,False,0.8,0,,PIPN,,,,,,,,,,,,,
PIPN 18,8/14/2024 3:12:51 PM,10,1,45,False,1.3,0.5,,PIPN,,,,,,,,,,,,,
PIPN 18,8/14/2024 3:12:51 PM,11,2,1,False,1.3,0.5,,PIPN,,,,,,,,,,,,,
PIPN 18,8/14/2024 3:12:51 PM,12,2,5,False,2.2,0.1,,PIPN,,,,,,,,,,,,,
PIPN 18,8/14/2024 3:12:51 PM,13,2,10,False,2,0.5,,PIPN,,,,,,,,,,,,,
PIPN 18,8/14/2024 3:12:51 PM,14,2,15,False,3.9,1.3,,PIPN,,,,,,,,,,,,,
PIPN 18,8/14/2024 3:12:51 PM,15,2,20,False,1.5,0.7,,PIPN,,,,,,,,,,,,,
PIPN 18,8/14/2024 3:12:51 PM,16,2,25,False,0.4,0,,PIPN,,,,,,,,,,,,,
PIPN 18,8/14/2024 3:12:51 PM,17,2,30,False,0.5,0,,PIPN,,,,,,,,,,,,,
PIPN 18,8/14/2024 3:12:51 PM,18,2,35,False,0.2,0.5,,PIPN,,,,,,,,,,,,,
PIPN 18,8/14/2024 3:12:51 PM,19,2,40,False,0.3,1.2,,PIPN,,,,,,,,,,,,,
PIPN 18,8/14/2024 3:12:51 PM,20,2,45,False,0.4,0.1,,PIPN,,,,,,,,,,,,,
PIPN 18,8/14/2024 3:12:51 PM,21,3,1,False,0.3,0.2,,PIPN,,,,,,,,,,,,,
PIPN 18,8/14/2024 3:12:51 PM,22,3,5,False,0.6,0.4,,PIPN,,,,,,,,,,,,,
PIPN 18,8/14/2024 3:12:51 PM,23,3,10,False,0.7,0.9,,PIPN,,,,,,,,,,,,,
PIPN 18,8/14/2024 3:12:51 PM,24,3,15,False,0.5,0.3,,PIPN,,,,,,,,,,,,,
PIPN 18,8/14/2024 3:12:51 PM,25,3,20,False,0.6,0.4,,PIPN,,,,,,,,,,,,,
PIPN 18,8/14/2024 3:12:51 PM,26,3,25,False,0.2,0.2,,PIPN,,,,,,,,,,,,,
PIPN 18,8/14/2024 3:12:51 PM,27,3,30,False,1.3,1.6,,PIPN,,,,,,,,,,,,,
PIPN 18,8/14/2024 3:12:51 PM,28,3,35,False,1.4,0.7,,PIPN,,,,,,,,,,,,,
PIPN 18,8/14/2024 3:12:51 PM,29,3,40,False,0.8,0.3,,PIPN,,,,,,,,,,,,,
PIPN 18,8/14/2024 3:12:51 PM,30,3,45,False,0.5,0.5,,PIPN,,,,,,,,,,,,,
PIPN 18,8/14/2024 3:12:51 PM,31,4,1,False,0.8,0,,PIPN,,,,,,,,,,,,,
PIPN 18,8/14/2024 3:12:51 PM,32,4,5,False,0.5,0.4,,PIPN,,,,,,,,,,,,,
PIPN 18,8/14/2024 3:12:51 PM,33,4,10,False,0.8,0.5,,PIPN,,,,,,,,,,,,,
PIPN 18,8/14/2024 3:12:51 PM,34,4,15,False,0.8,0.2,,PIPN,,,,,,,,,,,,,
PIPN 18,8/14/2024 3:12:51 PM,35,4,20,False,0.4,0.7,,PIPN,,,,,,,,,,,,,
PIPN 18,8/14/2024 3:12:51 PM,36,4,25,False,0.6,0.4,,PIPN,,,,,,,,,,,,,
PIPN 18,8/14/2024 3:12:51 PM,37,4,30,False,0.7,0.4,,PIPN,,,,,,,,,,,,,
PIPN 18,8/14/2024 3:12:51 PM,38,4,35,False,0.7,0.2,,PIPN,,,,,,,,,,,,,
PIPN 18,8/14/2024 3:12:51 PM,39,4,40,False,0.5,0.2,,PIPN,,,,,,,,,,,,,
PIPN 18,8/14/2024 3:12:51 PM,40,4,45,False,1.3,2.4,,PIPN,,,,,,,,,,,,,
PIPN 09,8/20/2024 3:07:39 PM,,,,,,,,,,,,,4,Westfahl,Brannfors,,,,,True,
PIPN 09,8/20/2024 3:07:39 PM,1,1,1,False,0.5,0.3,,PIPN,,,,,,,,,,,,,
PIPN 09,8/20/2024 3:07:39 PM,2,1,5,False,0.5,0.1,,PIPN,,,,,,,,,,,,,
PIPN 09,8/20/2024 3:07:39 PM,3,1,10,False,0.7,0.6,,PIPN,,,,,,,,,,,,,
PIPN 09,8/20/2024 3:07:39 PM,4,1,15,False,0.3,0.2,,PIPN,,,,,,,,,,,,,
PIPN 09,8/20/2024 3:07:39 PM,5,1,20,False,1.4,0.2,,PIPN,,,,,,,,,,,,,
PIPN 09,8/20/2024 3:07:39 PM,6,1,25,False,0.3,1,,PIPN,,,,,,,,,,,,,
PIPN 09,8/20/2024 3:07:39 PM,7,1,30,False,0.8,0.4,,PIPN,,,,,,,,,,,,,
PIPN 09,8/20/2024 3:07:39 PM,8,1,35,False,0.5,0.2,,PIPN,,,,,,,,,,,,,
PIPN 09,8/20/2024 3:07:39 PM,9,1,40,False,1.8,0.7,,PIPN,,,,,,,,,,,,,
PIPN 09,8/20/2024 3:07:39 PM,10,1,45,False,1.5,0.3,,PIPN,,,,,,,,,,,,,
PIPN 09,8/20/2024 3:07:39 PM,11,2,1,False,0.7,0.2,,PIPN,,,,,,,,,,,,,
PIPN 09,8/20/2024 3:07:39 PM,12,2,5,False,0.4,0.1,,PIPN,,,,,,,,,,,,,
PIPN 09,8/20/2024 3:07:39 PM,13,2,10,False,1.2,0.3,,PIPN,,,,,,,,,,,,,
PIPN 09,8/20/2024 3:07:39 PM,14,2,15,False,0.4,0.3,,PIPN,,,,,,,,,,,,,
PIPN 09,8/20/2024 3:07:39 PM,15,2,20,False,1,0.2,,PIPN,,,,,,,,,,,,,
PIPN 09,8/20/2024 3:07:39 PM,16,2,25,False,1.2,0.4,,PIPN,,,,,,,,,,,,,
PIPN 09,8/20/2024 3:07:39 PM,17,2,30,False,0.1,0,,PIPN,,,,,,,,,,,,,
PIPN 09,8/20/2024 3:07:39 PM,18,2,35,False,1.3,0.6,,PIPN,,,,,,,,,,,,,
PIPN 09,8/20/2024 3:07:39 PM,19,2,40,False,1,0.4,,PIPN,,,,,,,,,,,,,
PIPN 09,8/20/2024 3:07:39 PM,20,2,45,False,1.6,0.5,,PIPN,,,,,,,,,,,,,
PIPN 09,8/20/2024 3:07:39 PM,21,3,1,False,0.3,0.2,,PIPN,,,,,,,,,,,,,
PIPN 09,8/20/2024 3:07:39 PM,22,3,5,False,2,1,,PIPN,,,,,,,,,,,,,
PIPN 09,8/20/2024 3:07:39 PM,23,3,10,False,1,0.8,,PIPN,,,,,,,,,,,,,
PIPN 09,8/20/2024 3:07:39 PM,24,3,15,False,1.4,0.6,,PIPN,,,,,,,,,,,,,
PIPN 09,8/20/2024 3:07:39 PM,25,3,20,False,0.6,0.9,,PIPN,,,,,,,,,,,,,
PIPN 09,8/20/2024 3:07:39 PM,26,3,25,False,1.3,0.8,,PIPN,,,,,,,,,,,,,
PIPN 09,8/20/2024 3:07:39 PM,27,3,30,False,0.5,0.8,,PIPN,,,,,,,,,,,,,
PIPN 09,8/20/2024 3:07:39 PM,28,3,35,False,1.8,0.2,,PIPN,,,,,,,,,,,,,
PIPN 09,8/20/2024 3:07:39 PM,29,3,40,False,0.3,0,,PIPN,,,,,,,,,,,,,
PIPN 09,8/20/2024 3:07:39 PM,30,3,45,False,0.3,1.1,,PIPN,,,,,,,,,,,,,
PIPN 09,8/20/2024 3:07:39 PM,31,4,1,False,0.7,0.2,,PIPN,,,,,,,,,,,,,
PIPN 09,8/20/2024 3:07:39 PM,32,4,5,False,0.3,0.3,,PIPN,,,,,,,,,,,,,
PIPN 09,8/20/2024 3:07:39 PM,33,4,10,False,0.3,1,,PIPN,,,,,,,,,,,,,
PIPN 09,8/20/2024 3:07:39 PM,34,4,15,False,0.7,1.1,,PIPN,,,,,,,,,,,,,
PIPN 09,8/20/2024 3:07:39 PM,35,4,20,False,0.2,0.2,,PIPN,,,,,,,,,,,,,
PIPN 09,8/20/2024 3:07:39 PM,36,4,25,False,0.6,0.4,,PIPN,,,,,,,,,,,,,
PIPN 09,8/20/2024 3:07:39 PM,37,4,30,False,0.4,0.3,,PIPN,,,,,,,,,,,,,
PIPN 09,8/20/2024 3:07:39 PM,38,4,35,False,0.3,0.2,,PIPN,,,,,,,,,,,,,
PIPN 09,8/20/2024 3:07:39 PM,39,4,40,False,1.3,1.2,,PIPN,,,,,,,,,,,,,
PIPN 09,8/20/2024 3:07:39 PM,40,4,45,False,0.2,1.5,,PIPN,,,,,,,,,,,,,
PIPO 39,6/16/2024 1:03:37 PM,,,,,,,,,,,,,4,Lalor; Hillyard,Tumicki,,,,,True,
PIPO 39,6/16/2024 1:03:37 PM,1,1,1,False,0.2,0,,PIPO,,,,,,,,,,,,,
PIPO 39,6/16/2024 1:03:37 PM,2,1,5,False,0.2,0,,PIPO,,,,,,,,,,,,,
PIPO 39,6/16/2024 1:03:37 PM,3,1,10,False,0.1,0.2,,PIPO,,,,,,,,,,,,,
PIPO 39,6/16/2024 1:03:37 PM,4,1,15,False,0.2,0.3,,PIPO,,,,,,,,,,,,,
PIPO 39,6/16/2024 1:03:37 PM,5,1,20,False,0,0,,PIPO,,,,,,,,,,,,,
PIPO 39,6/16/2024 1:03:37 PM,6,1,25,False,0.1,0,,PIPO,,,,,,,,,,,,,
PIPO 39,6/16/2024 1:03:37 PM,7,1,30,False,0,0,,PIPO,,,,,,,,,,,,,
PIPO 39,6/16/2024 1:03:37 PM,8,1,35,False,0.1,0,,PIPO,,,,,,,,,,,,,
PIPO 39,6/16/2024 1:03:37 PM,9,1,40,False,0.1,0,,PIPO,,,,,,,,,,,,,
PIPO 39,6/16/2024 1:03:37 PM,10,1,45,False,0.1,0,,PIPO,,,,,,,,,,,,,
PIPO 39,6/16/2024 1:03:37 PM,11,2,1,False,0.7,0.1,,PIPO,,,,,,,,,,,,,
PIPO 39,6/16/2024 1:03:37 PM,12,2,5,False,0,0,,PIPO,,,,,,,,,,,,,
PIPO 39,6/16/2024 1:03:37 PM,13,2,10,False,0.1,0,,PIPO,,,,,,,,,,,,,
PIPO 39,6/16/2024 1:03:37 PM,14,2,15,False,0.1,0.1,,PIPO,,,,,,,,,,,,,
PIPO 39,6/16/2024 1:03:37 PM,15,2,20,False,0.3,0.5,,PIPO,,,,,,,,,,,,,
PIPO 39,6/16/2024 1:03:37 PM,16,2,25,False,0.1,0,,PIPO,,,,,,,,,,,,,
PIPO 39,6/16/2024 1:03:37 PM,17,2,30,False,0.1,0.3,,PIPO,,,,,,,,,,,,,
PIPO 39,6/16/2024 1:03:37 PM,18,2,35,False,0.1,0,,PIPO,,,,,,,,,,,,,
PIPO 39,6/16/2024 1:03:37 PM,19,2,40,False,0.2,0,,PIPO,,,,,,,,,,,,,
PIPO 39,6/16/2024 1:03:37 PM,20,2,45,False,0.5,0,,PIPO,,,,,,,,,,,,,
PIPO 39,6/16/2024 1:03:37 PM,21,3,1,False,0,0,,PIPO,,,,,,,,,,,,,
PIPO 39,6/16/2024 1:03:37 PM,22,3,5,False,0.1,0,,PIPO,,,,,,,,,,,,,
PIPO 39,6/16/2024 1:03:37 PM,23,3,10,False,0.4,0,,PIPO,,,,,,,,,,,,,
PIPO 39,6/16/2024 1:03:37 PM,24,3,15,False,0.1,0,,PIPO,,,,,,,,,,,,,
PIPO 39,6/16/2024 1:03:37 PM,25,3,20,False,0.1,0,,PIPO,,,,,,,,,,,,,
PIPO 39,6/16/2024 1:03:37 PM,26,3,25,False,0.3,0.2,,PIPO,,,,,,,,,,,,,
PIPO 39,6/16/2024 1:03:37 PM,27,3,30,False,0.2,0.2,,PIPO,,,,,,,,,,,,,
PIPO 39,6/16/2024 1:03:37 PM,28,3,35,False,0.1,0.1,,PIPO,,,,,,,,,,,,,
PIPO 39,6/16/2024 1:03:37 PM,29,3,40,False,0.2,0.1,,PIPO,,,,,,,,,,,,,
PIPO 39,6/16/2024 1:03:37 PM,30,3,45,False,0.2,0.1,,PIPO,,,,,,,,,,,,,
PIPO 39,6/16/2024 1:03:37 PM,31,4,1,False,0.1,0,,PIPO,,,,,,,,,,,,,
PIPO 39,6/16/2024 1:03:37 PM,32,4,5,False,0.2,0,,PIPO,,,,,,,,,,,,,
PIPO 39,6/16/2024 1:03:37 PM,33,4,10,False,0.1,0.1,,PIPO,,,,,,,,,,,,,
PIPO 39,6/16/2024 1:03:37 PM,34,4,15,False,0,0.1,,PIPO,,,,,,,,,,,,,
PIPO 39,6/16/2024 1:03:37 PM,35,4,20,False,0.3,0.1,,PIPO,,,,,,,,,,,,,
PIPO 39,6/16/2024 1:03:37 PM,36,4,25,False,0.1,0,,PIPO,,,,,,,,,,,,,
PIPO 39,6/16/2024 1:03:37 PM,37,4,30,False,0.2,0.1,,PIPO,,,,,,,,,,,,,
PIPO 39,6/16/2024 1:03:37 PM,38,4,35,False,0.2,0.1,,PIPO,,,,,,,,,,,,,
PIPO 39,6/16/2024 1:03:37 PM,39,4,40,False,0.1,0,,PIPO,,,,,,,,,,,,,
PIPO 39,6/16/2024 1:03:37 PM,40,4,45,False,0.3,0.1,,PIPO,,,,,,,,,,,,,
PIPN 22,8/15/2024 3:16:02 PM,,,,,,,,,,,,,4,Lalor,Brannfors,,,,,True,
PIPN 22,8/15/2024 3:16:02 PM,1,1,1,False,0.8,0.4,,PIPN,,,,,,,,,,,,,
PIPN 22,8/15/2024 3:16:02 PM,2,1,5,False,0.6,0.2,,PIPN,,,,,,,,,,,,,
PIPN 22,8/15/2024 3:16:02 PM,3,1,10,False,1.3,0.3,,PIPN,,,,,,,,,,,,,
PIPN 22,8/15/2024 3:16:02 PM,4,1,15,False,0.7,0.4,,PIPN,,,,,,,,,,,,,
PIPN 22,8/15/2024 3:16:02 PM,5,1,20,False,1.1,0.3,,PIPN,,,,,,,,,,,,,
PIPN 22,8/15/2024 3:16:02 PM,6,1,25,False,1.7,1,,PIPN,,,,,,,,,,,,,
PIPN 22,8/15/2024 3:16:02 PM,7,1,30,False,1.5,1,,PIPN,,,,,,,,,,,,,
PIPN 22,8/15/2024 3:16:02 PM,8,1,35,False,1.3,0.7,,PIPN,,,,,,,,,,,,,
PIPN 22,8/15/2024 3:16:02 PM,9,1,40,False,0.8,0.4,,PIPN,,,,,,,,,,,,,
PIPN 22,8/15/2024 3:16:02 PM,10,1,45,False,1,0.8,,PIPN,,,,,,,,,,,,,
PIPN 22,8/15/2024 3:16:02 PM,11,2,1,False,1.7,1,,PIPN,,,,,,,,,,,,,
PIPN 22,8/15/2024 3:16:02 PM,12,2,5,False,0.9,0.5,,PIPN,,,,,,,,,,,,,
PIPN 22,8/15/2024 3:16:02 PM,13,2,10,False,0.9,0.3,,PIPN,,,,,,,,,,,,,
PIPN 22,8/15/2024 3:16:02 PM,14,2,15,False,0.4,0.1,,PIPN,,,,,,,,,,,,,
PIPN 22,8/15/2024 3:16:02 PM,15,2,20,False,0.5,0.2,,PIPN,,,,,,,,,,,,,
PIPN 22,8/15/2024 3:16:02 PM,16,2,25,False,0.1,0,,PIPN,,,,,,,,,,,,,
PIPN 22,8/15/2024 3:16:02 PM,17,2,30,False,0.8,0.2,,PIPN,,,,,,,,,,,,,
PIPN 22,8/15/2024 3:16:02 PM,18,2,35,False,0.2,0.1,,PIPN,,,,,,,,,,,,,
PIPN 22,8/15/2024 3:16:02 PM,19,2,40,False,1,0.4,,PIPN,,,,,,,,,,,,,
PIPN 22,8/15/2024 3:16:02 PM,20,2,45,False,0.6,0.5,,PIPN,,,,,,,,,,,,,
PIPN 22,8/15/2024 3:16:02 PM,21,3,1,False,0.5,0.2,,PIPN,,,,,,,,,,,,,
PIPN 22,8/15/2024 3:16:02 PM,22,3,5,False,1.4,0.3,,PIPN,,,,,,,,,,,,,
PIPN 22,8/15/2024 3:16:02 PM,23,3,10,False,0.7,0.4,,PIPN,,,,,,,,,,,,,
PIPN 22,8/15/2024 3:16:02 PM,24,3,15,False,1.4,0.7,,PIPN,,,,,,,,,,,,,
PIPN 22,8/15/2024 3:16:02 PM,25,3,20,False,1,0.8,,PIPN,,,,,,,,,,,,,
PIPN 22,8/15/2024 3:16:02 PM,26,3,25,False,0.3,0.1,,PIPN,,,,,,,,,,,,,
PIPN 22,8/15/2024 3:16:02 PM,27,3,30,False,0.9,0.3,,PIPN,,,,,,,,,,,,,
PIPN 22,8/15/2024 3:16:02 PM,28,3,35,False,0.2,0,,PIPN,,,,,,,,,,,,,
PIPN 22,8/15/2024 3:16:02 PM,29,3,40,False,0.3,0.4,,PIPN,,,,,,,,,,,,,
PIPN 22,8/15/2024 3:16:02 PM,30,3,45,False,0.5,0.2,,PIPN,,,,,,,,,,,,,
PIPN 22,8/15/2024 3:16:02 PM,31,4,1,False,0.2,0,,PIPN,,,,,,,,,,,,,
PIPN 22,8/15/2024 3:16:02 PM,32,4,5,False,0.3,0,,PIPN,,,,,,,,,,,,,
PIPN 22,8/15/2024 3:16:02 PM,33,4,10,False,0.7,0,,PIPN,,,,,,,,,,,,,
PIPN 22,8/15/2024 3:16:02 PM,34,4,15,False,0.5,0.5,,PIPN,,,,,,,,,,,,,
PIPN 22,8/15/2024 3:16:02 PM,35,4,20,False,1,0.4,,PIPN,,,,,,,,,,,,,
PIPN 22,8/15/2024 3:16:02 PM,36,4,25,False,0.9,0.3,,PIPN,,,,,,,,,,,,,
PIPN 22,8/15/2024 3:16:02 PM,37,4,30,False,0.8,0.4,,PIPN,,,,,,,,,,,,,
PIPN 22,8/15/2024 3:16:02 PM,38,4,35,False,0.7,0.3,,PIPN,,,,,,,,,,,,,
PIPN 22,8/15/2024 3:16:02 PM,39,4,40,False,0.3,0.1,,PIPN,,,,,,,,,,,,,
PIPN 22,8/15/2024 3:16:02 PM,40,4,45,False,0.4,0.2,,PIPN,,,,,,,,,,,,,
PIPN 15,8/13/2024 3:09:06 PM,,,,,,,,,,,,,4,Gilmore; Lalor,Gilmore,,,,,True,
PIPN 15,8/13/2024 3:09:06 PM,1,1,1,False,1.4,0.8,,PIPN,,,,,,,,,,,,,
PIPN 15,8/13/2024 3:09:06 PM,2,1,5,False,0.6,0.4,,PIPN,,,,,,,,,,,,,
PIPN 15,8/13/2024 3:09:06 PM,3,1,10,False,0.8,0.4,,PIPN,,,,,,,,,,,,,
PIPN 15,8/13/2024 3:09:06 PM,4,1,15,False,1.6,0.9,,PIPN,,,,,,,,,,,,,
PIPN 15,8/13/2024 3:09:06 PM,5,1,20,False,0.7,0.6,,PIPN,,,,,,,,,,,,,
PIPN 15,8/13/2024 3:09:06 PM,6,1,25,False,0.7,0.9,,PIPN,,,,,,,,,,,,,
PIPN 15,8/13/2024 3:09:06 PM,7,1,30,False,0.8,0.8,,PIPN,,,,,,,,,,,,,
PIPN 15,8/13/2024 3:09:06 PM,8,1,35,False,0.3,0.6,,PIPN,,,,,,,,,,,,,
PIPN 15,8/13/2024 3:09:06 PM,9,1,40,False,0.6,0.8,,PIPN,,,,,,,,,,,,,
PIPN 15,8/13/2024 3:09:06 PM,10,1,45,False,1,0,,PIPN,,,,,,,,,,,,,
PIPN 15,8/13/2024 3:09:06 PM,11,2,1,False,1.1,1.2,,PIPN,,,,,,,,,,,,,
PIPN 15,8/13/2024 3:09:06 PM,12,2,5,False,0.9,0.7,,PIPN,,,,,,,,,,,,,
PIPN 15,8/13/2024 3:09:06 PM,13,2,10,False,1.3,0.8,,PIPN,,,,,,,,,,,,,
PIPN 15,8/13/2024 3:09:06 PM,14,2,15,False,0.9,0.7,,PIPN,,,,,,,,,,,,,
PIPN 15,8/13/2024 3:09:06 PM,15,2,20,False,1.1,0.6,,PIPN,,,,,,,,,,,,,
PIPN 15,8/13/2024 3:09:06 PM,16,2,25,False,1.4,0.9,,PIPN,,,,,,,,,,,,,
PIPN 15,8/13/2024 3:09:06 PM,17,2,30,False,1.5,0.6,,PIPN,,,,,,,,,,,,,
PIPN 15,8/13/2024 3:09:06 PM,18,2,35,False,1.2,1,,PIPN,,,,,,,,,,,,,
PIPN 15,8/13/2024 3:09:06 PM,19,2,40,False,0.9,0.5,,PIPN,,,,,,,,,,,,,
PIPN 15,8/13/2024 3:09:06 PM,20,2,45,False,1.1,0.7,,PIPN,,,,,,,,,,,,,
PIPN 15,8/13/2024 3:09:06 PM,21,3,1,False,1,0.6,,PIPN,,,,,,,,,,,,,
PIPN 15,8/13/2024 3:09:06 PM,22,3,5,False,0.8,0.7,,PIPN,,,,,,,,,,,,,
PIPN 15,8/13/2024 3:09:06 PM,23,3,10,False,0.7,0.2,,PIPN,,,,,,,,,,,,,
PIPN 15,8/13/2024 3:09:06 PM,24,3,15,False,0.4,0,,PIPN,,,,,,,,,,,,,
PIPN 15,8/13/2024 3:09:06 PM,25,3,20,False,1.3,0.8,,PIPN,,,,,,,,,,,,,
PIPN 15,8/13/2024 3:09:06 PM,26,3,25,False,0.6,1.1,,PIPN,,,,,,,,,,,,,
PIPN 15,8/13/2024 3:09:06 PM,27,3,30,False,0.8,0.8,,PIPN,,,,,,,,,,,,,
PIPN 15,8/13/2024 3:09:06 PM,28,3,35,False,0.4,0.2,,PIPN,,,,,,,,,,,,,
PIPN 15,8/13/2024 3:09:06 PM,29,3,40,False,0.6,0.7,,PIPN,,,,,,,,,,,,,
PIPN 15,8/13/2024 3:09:06 PM,30,3,45,False,1.1,2.4,,PIPN,,,,,,,,,,,,,
PIPN 15,8/13/2024 3:09:06 PM,31,4,1,False,1.8,0.2,,PIPN,,,,,,,,,,,,,
PIPN 15,8/13/2024 3:09:06 PM,32,4,5,False,0.4,0.6,,PIPN,,,,,,,,,,,,,
PIPN 15,8/13/2024 3:09:06 PM,33,4,10,False,0.5,0.4,,PIPN,,,,,,,,,,,,,
PIPN 15,8/13/2024 3:09:06 PM,34,4,15,False,0.4,0.5,,PIPN,,,,,,,,,,,,,
PIPN 15,8/13/2024 3:09:06 PM,35,4,20,False,0.3,0.6,,PIPN,,,,,,,,,,,,,
PIPN 15,8/13/2024 3:09:06 PM,36,4,25,False,0.1,0,,PIPN,,,,,,,,,,,,,
PIPN 15,8/13/2024 3:09:06 PM,37,4,30,False,1.9,0.7,,PIPN,,,,,,,,,,,,,
PIPN 15,8/13/2024 3:09:06 PM,38,4,35,False,1.5,1,,PIPN,,,,,,,,,,,,,
PIPN 15,8/13/2024 3:09:06 PM,39,4,40,False,0.5,0.3,,PIPN,,,,,,,,,,,,,
PIPN 15,8/13/2024 3:09:06 PM,40,4,45,False,0.5,0.3,,PIPN,,,,,,,,,,,,,
PIPO 33,6/14/2024 12:58:42 PM,,,,,,,,,,,,,4,Tumicki; Lalor,Tumicki,,,,,True,
PIPO 33,6/14/2024 12:58:42 PM,1,1,1,False,1.2,0.1,,PIPO,,,,,,,,,,,,,
PIPO 33,6/14/2024 12:58:42 PM,2,1,5,False,1.2,0.1,,PIPO,,,,,,,,,,,,,
PIPO 33,6/14/2024 12:58:42 PM,3,1,10,False,1.4,0.1,,PIPO,,,,,,,,,,,,,
PIPO 33,6/14/2024 12:58:42 PM,4,1,15,False,0.2,0,,PIPO,,,,,,,,,,,,,
PIPO 33,6/14/2024 12:58:42 PM,5,1,20,False,0.3,0.1,,PIPO,,,,,,,,,,,,,
PIPO 33,6/14/2024 12:58:42 PM,6,1,25,False,0.1,0,,PIPO,,,,,,,,,,,,,
PIPO 33,6/14/2024 12:58:42 PM,7,1,30,False,0.1,0,,PIPO,,,,,,,,,,,,,
PIPO 33,6/14/2024 12:58:42 PM,8,1,35,False,0.1,0,,PIPO,,,,,,,,,,,,,
PIPO 33,6/14/2024 12:58:42 PM,9,1,40,False,0.2,0,,PIPO,,,,,,,,,,,,,
PIPO 33,6/14/2024 12:58:42 PM,10,1,45,False,0.5,0,,PIPO,,,,,,,,,,,,,
PIPO 33,6/14/2024 12:58:42 PM,11,2,1,False,0.5,0.8,,PIPO,,,,,,,,,,,,,
PIPO 33,6/14/2024 12:58:42 PM,12,2,5,False,0.6,0,,PIPO,,,,,,,,,,,,,
PIPO 33,6/14/2024 12:58:42 PM,13,2,10,False,0.6,0.1,,PIPO,,,,,,,,,,,,,
PIPO 33,6/14/2024 12:58:42 PM,14,2,15,False,2,0.1,,PIPO,,,,,,,,,,,,,
PIPO 33,6/14/2024 12:58:42 PM,15,2,20,False,2.1,0.1,,PIPO,,,,,,,,,,,,,
PIPO 33,6/14/2024 12:58:42 PM,16,2,25,False,1.6,0.4,,PIPO,,,,,,,,,,,,,
PIPO 33,6/14/2024 12:58:42 PM,17,2,30,False,0.5,0,,PIPO,,,,,,,,,,,,,
PIPO 33,6/14/2024 12:58:42 PM,18,2,35,False,0.4,0,,PIPO,,,,,,,,,,,,,
PIPO 33,6/14/2024 12:58:42 PM,19,2,40,False,0.3,0,,PIPO,,,,,,,,,,,,,
PIPO 33,6/14/2024 12:58:42 PM,20,2,45,False,0.1,0,,PIPO,,,,,,,,,,,,,
PIPO 33,6/14/2024 12:58:42 PM,21,3,1,False,0.3,0.2,,PIPO,,,,,,,,,,,,,
PIPO 33,6/14/2024 12:58:42 PM,22,3,5,False,0.6,0.1,,PIPO,,,,,,,,,,,,,
PIPO 33,6/14/2024 12:58:42 PM,23,3,10,False,0.4,0.1,,PIPO,,,,,,,,,,,,,
PIPO 33,6/14/2024 12:58:42 PM,24,3,15,False,0.3,0,,PIPO,,,,,,,,,,,,,
PIPO 33,6/14/2024 12:58:42 PM,25,3,20,False,0.3,0,,PIPO,,,,,,,,,,,,,
PIPO 33,6/14/2024 12:58:42 PM,26,3,25,False,0.8,0.3,,PIPO,,,,,,,,,,,,,
PIPO 33,6/14/2024 12:58:42 PM,27,3,30,False,0.2,0.2,,PIPO,,,,,,,,,,,,,
PIPO 33,6/14/2024 12:58:42 PM,28,3,35,False,0.2,0,,PIPO,,,,,,,,,,,,,
PIPO 33,6/14/2024 12:58:42 PM,29,3,40,False,0.4,0,,PIPO,,,,,,,,,,,,,
PIPO 33,6/14/2024 12:58:42 PM,30,3,45,False,0.4,0.9,,PIPO,,,,,,,,,,,,,
PIPO 33,6/14/2024 12:58:42 PM,31,4,1,False,0.1,0,,PIPO,,,,,,,,,,,,,
PIPO 33,6/14/2024 12:58:42 PM,32,4,5,False,0.6,0,,PIPO,,,,,,,,,,,,,
PIPO 33,6/14/2024 12:58:42 PM,33,4,10,False,0.1,0,,PIPO,,,,,,,,,,,,,
PIPO 33,6/14/2024 12:58:42 PM,34,4,15,False,0.1,0,,PIPO,,,,,,,,,,,,,
PIPO 33,6/14/2024 12:58:42 PM,35,4,20,False,0.1,0,,PIPO,,,,,,,,,,,,,
PIPO 33,6/14/2024 12:58:42 PM,36,4,25,False,0.2,0,,PIPO,,,,,,,,,,,,,
PIPO 33,6/14/2024 12:58:42 PM,37,4,30,False,0.2,0,,PIPO,,,,,,,,,,,,,
PIPO 33,6/14/2024 12:58:42 PM,38,4,35,False,0.1,0,,PIPO,,,,,,,,,,,,,
PIPO 33,6/14/2024 12:58:42 PM,39,4,40,False,0.2,0.1,,PIPO,,,,,,,,,,,,,
PIPO 33,6/14/2024 12:58:42 PM,40,4,45,False,0.1,0.2,,PIPO,,,,,,,,,,,,,
PIAB 25,8/6/2024 11:02:09 AM,,,,,,,,,,,,,4,Lalor; You-Mak,Gilmore,,,,,True,
PIAB 25,8/6/2024 11:02:09 AM,1,1,1,False,0.3,0,,PIAB,,,,,,,,,,,,,
PIAB 25,8/6/2024 11:02:09 AM,2,1,5,False,0.3,0.1,,PIAB,,,,,,,,,,,,,
PIAB 25,8/6/2024 11:02:09 AM,3,1,10,False,0.3,0.4,,PIAB,,,,,,,,,,,,,
PIAB 25,8/6/2024 11:02:09 AM,4,1,15,False,0.2,0.1,,PIAB,,,,,,,,,,,,,
PIAB 25,8/6/2024 11:02:09 AM,5,1,20,False,0.3,0,,PIAB,,,,,,,,,,,,,
PIAB 25,8/6/2024 11:02:09 AM,6,1,25,False,0.2,0.1,,PIAB,,,,,,,,,,,,,
PIAB 25,8/6/2024 11:02:09 AM,7,1,30,False,0.1,0.4,,PIAB,,,,,,,,,,,,,
PIAB 25,8/6/2024 11:02:09 AM,8,1,35,False,0.4,0.1,,PIAB,,,,,,,,,,,,,
PIAB 25,8/6/2024 11:02:09 AM,9,1,40,False,0.2,0,,PIAB,,,,,,,,,,,,,
PIAB 25,8/6/2024 11:02:09 AM,10,1,45,False,0.3,0.2,,PIAB,,,,,,,,,,,,,
PIAB 25,8/6/2024 11:02:09 AM,11,2,1,False,0.2,0.5,,PIAB,,,,,,,,,,,,,
PIAB 25,8/6/2024 11:02:09 AM,12,2,5,False,0.3,0.6,,PIAB,,,,,,,,,,,,,
PIAB 25,8/6/2024 11:02:09 AM,13,2,10,False,0.4,0.2,,PIAB,,,,,,,,,,,,,
PIAB 25,8/6/2024 11:02:09 AM,14,2,15,False,0.4,0.1,,PIAB,,,,,,,,,,,,,
PIAB 25,8/6/2024 11:02:09 AM,15,2,20,False,0.3,0,,PIAB,,,,,,,,,,,,,
PIAB 25,8/6/2024 11:02:09 AM,16,2,25,False,0.4,0.2,,PIAB,,,,,,,,,,,,,
PIAB 25,8/6/2024 11:02:09 AM,17,2,30,False,0.3,0.1,,PIAB,,,,,,,,,,,,,
PIAB 25,8/6/2024 11:02:09 AM,18,2,35,False,1.1,0.4,,PIAB,,,,,,,,,,,,,
PIAB 25,8/6/2024 11:02:09 AM,19,2,40,False,0.4,0.4,,PIAB,,,,,,,,,,,,,
PIAB 25,8/6/2024 11:02:09 AM,20,2,45,False,0.3,0.4,,PIAB,,,,,,,,,,,,,
PIAB 25,8/6/2024 11:02:09 AM,21,3,1,False,0.4,0.1,,PIAB,,,,,,,,,,,,,
PIAB 25,8/6/2024 11:02:09 AM,22,3,5,False,0.2,0,,PIAB,,,,,,,,,,,,,
PIAB 25,8/6/2024 11:02:09 AM,23,3,10,False,0.3,0.1,,PIAB,,,,,,,,,,,,,
PIAB 25,8/6/2024 11:02:09 AM,24,3,15,False,0.4,0.7,,PIAB,,,,,,,,,,,,,
PIAB 25,8/6/2024 11:02:09 AM,25,3,20,False,0.2,0.4,,PIAB,,,,,,,,,,,,,
PIAB 25,8/6/2024 11:02:09 AM,26,3,25,False,0.3,0.1,,PIAB,,,,,,,,,,,,,
PIAB 25,8/6/2024 11:02:09 AM,27,3,30,False,0.7,0.4,,PIAB,,,,,,,,,,,,,
PIAB 25,8/6/2024 11:02:09 AM,28,3,35,False,0.9,0.8,,PIAB,,,,,,,,,,,,,
PIAB 25,8/6/2024 11:02:09 AM,29,3,40,False,0.8,1.2,,PIAB,,,,,,,,,,,,,
PIAB 25,8/6/2024 11:02:09 AM,30,3,45,False,0.5,0.9,,PIAB,,,,,,,,,,,,,
PIAB 25,8/6/2024 11:02:09 AM,31,4,1,False,0.4,0.5,,PIAB,,,,,,,,,,,,,
PIAB 25,8/6/2024 11:02:09 AM,32,4,5,False,0.3,0,,PIAB,,,,,,,,,,,,,
PIAB 25,8/6/2024 11:02:09 AM,33,4,10,False,0.6,0.2,,PIAB,,,,,,,,,,,,,
PIAB 25,8/6/2024 11:02:09 AM,34,4,15,False,0.4,0.3,,PIAB,,,,,,,,,,,,,
PIAB 25,8/6/2024 11:02:09 AM,35,4,20,False,0.4,0.2,,PIAB,,,,,,,,,,,,,
PIAB 25,8/6/2024 11:02:09 AM,36,4,25,False,0.2,0,,PIAB,,,,,,,,,,,,,
PIAB 25,8/6/2024 11:02:09 AM,37,4,30,False,0.3,0,,PIAB,,,,,,,,,,,,,
PIAB 25,8/6/2024 11:02:09 AM,38,4,35,False,0.3,0,,PIAB,,,,,,,,,,,,,
PIAB 25,8/6/2024 11:02:09 AM,39,4,40,False,0.3,0.1,,PIAB,,,,,,,,,,,,,
PIAB 25,8/6/2024 11:02:09 AM,40,4,45,False,0.5,0.1,,PIAB,,,,,,,,,,,,,
PIPN 19,8/14/2024 3:13:57 PM,,,,,,,,,,,,,4,Brannfors; Gilmore,Gilmore,,,,,True,
PIPN 19,8/14/2024 3:13:57 PM,1,1,1,False,0.8,0.2,,PIPN,,,,,,,,,,,,,
PIPN 19,8/14/2024 3:13:57 PM,2,1,5,False,0.9,0.1,,PIPN,,,,,,,,,,,,,
PIPN 19,8/14/2024 3:13:57 PM,3,1,10,False,0.8,0.2,,PIPN,,,,,,,,,,,,,
PIPN 19,8/14/2024 3:13:57 PM,4,1,15,False,0.9,0.1,,PIPN,,,,,,,,,,,,,
PIPN 19,8/14/2024 3:13:57 PM,5,1,20,False,0.8,0.2,,PIPN,,,,,,,,,,,,,
PIPN 19,8/14/2024 3:13:57 PM,6,1,25,False,1,0.8,,PIPN,,,,,,,,,,,,,
PIPN 19,8/14/2024 3:13:57 PM,7,1,30,False,1.4,0.5,,PIPN,,,,,,,,,,,,,
PIPN 19,8/14/2024 3:13:57 PM,8,1,35,False,1.1,0.3,,PIPN,,,,,,,,,,,,,
PIPN 19,8/14/2024 3:13:57 PM,9,1,40,False,1.5,0.3,,PIPN,,,,,,,,,,,,,
PIPN 19,8/14/2024 3:13:57 PM,10,1,45,False,1.4,0.2,,PIPN,,,,,,,,,,,,,
PIPN 19,8/14/2024 3:13:57 PM,11,2,1,False,1,0.3,,PIPN,,,,,,,,,,,,,
PIPN 19,8/14/2024 3:13:57 PM,12,2,5,False,0.7,0.1,,PIPN,,,,,,,,,,,,,
PIPN 19,8/14/2024 3:13:57 PM,13,2,10,False,0.9,0.1,,PIPN,,,,,,,,,,,,,
PIPN 19,8/14/2024 3:13:57 PM,14,2,15,False,1.3,0.3,,PIPN,,,,,,,,,,,,,
PIPN 19,8/14/2024 3:13:57 PM,15,2,20,False,1.6,0.5,,PIPN,,,,,,,,,,,,,
PIPN 19,8/14/2024 3:13:57 PM,16,2,25,False,1.4,0.4,,PIPN,,,,,,,,,,,,,
PIPN 19,8/14/2024 3:13:57 PM,17,2,30,False,0.9,0.3,,PIPN,,,,,,,,,,,,,
PIPN 19,8/14/2024 3:13:57 PM,18,2,35,False,1.2,0.2,,PIPN,,,,,,,,,,,,,
PIPN 19,8/14/2024 3:13:57 PM,19,2,40,False,1.3,0.6,,PIPN,,,,,,,,,,,,,
PIPN 19,8/14/2024 3:13:57 PM,20,2,45,False,1.2,0.3,,PIPN,,,,,,,,,,,,,
PIPN 19,8/14/2024 3:13:57 PM,21,3,1,False,1,0.6,,PIPN,,,,,,,,,,,,,
PIPN 19,8/14/2024 3:13:57 PM,22,3,5,False,0.4,0.2,,PIPN,,,,,,,,,,,,,
PIPN 19,8/14/2024 3:13:57 PM,23,3,10,False,0.8,0.1,,PIPN,,,,,,,,,,,,,
PIPN 19,8/14/2024 3:13:57 PM,24,3,15,False,0.7,0.4,,PIPN,,,,,,,,,,,,,
PIPN 19,8/14/2024 3:13:57 PM,25,3,20,False,1.3,0.6,,PIPN,,,,,,,,,,,,,
PIPN 19,8/14/2024 3:13:57 PM,26,3,25,False,0.5,0.3,,PIPN,,,,,,,,,,,,,
PIPN 19,8/14/2024 3:13:57 PM,27,3,30,False,0.3,0.2,,PIPN,,,,,,,,,,,,,
PIPN 19,8/14/2024 3:13:57 PM,28,3,35,False,0.8,0.5,,PIPN,,,,,,,,,,,,,
PIPN 19,8/14/2024 3:13:57 PM,29,3,40,False,0.4,0,,PIPN,,,,,,,,,,,,,
PIPN 19,8/14/2024 3:13:57 PM,30,3,45,False,0.9,0.6,,PIPN,,,,,,,,,,,,,
PIPN 19,8/14/2024 3:13:57 PM,31,4,1,False,0.8,0.2,,PIPN,,,,,,,,,,,,,
PIPN 19,8/14/2024 3:13:57 PM,32,4,5,False,0.9,0.3,,PIPN,,,,,,,,,,,,,
PIPN 19,8/14/2024 3:13:57 PM,33,4,10,False,1,0.6,,PIPN,,,,,,,,,,,,,
PIPN 19,8/14/2024 3:13:57 PM,34,4,15,False,0,0,,PIPN,,,,,,,,,,,,,
PIPN 19,8/14/2024 3:13:57 PM,35,4,20,False,1,0.3,,PIPN,,,,,,,,,,,,,
PIPN 19,8/14/2024 3:13:57 PM,36,4,25,False,0.9,0.2,,PIPN,,,,,,,,,,,,,
PIPN 19,8/14/2024 3:13:57 PM,37,4,30,False,1.2,0.3,,PIPN,,,,,,,,,,,,,
PIPN 19,8/14/2024 3:13:57 PM,38,4,35,False,0.7,0.1,,PIPN,,,,,,,,,,,,,
PIPN 19,8/14/2024 3:13:57 PM,39,4,40,False,0.8,0.4,,PIPN,,,,,,,,,,,,,
PIPN 19,8/14/2024 3:13:57 PM,40,4,45,False,1.1,0.5,,PIPN,,,,,,,,,,,,,
PIPN 17,8/14/2024 3:11:36 PM,,,,,,,,,,,,,4,Gilmore; Westfahl,Gilmore,,,,,True,
PIPN 17,8/14/2024 3:11:36 PM,1,1,1,False,0.2,0.1,,PIPN,,,,,,,,,,,,,
PIPN 17,8/14/2024 3:11:36 PM,2,1,5,False,0.1,0,,PIPN,,,,,,,,,,,,,
PIPN 17,8/14/2024 3:11:36 PM,3,1,10,False,1.1,1.2,,PIPN,,,,,,,,,,,,,
PIPN 17,8/14/2024 3:11:36 PM,4,1,15,False,0.8,0.6,,PIPN,,,,,,,,,,,,,
PIPN 17,8/14/2024 3:11:36 PM,5,1,20,False,0.5,0.1,,PIPN,,,,,,,,,,,,,
PIPN 17,8/14/2024 3:11:36 PM,6,1,25,False,0.3,0,,PIPN,,,,,,,,,,,,,
PIPN 17,8/14/2024 3:11:36 PM,7,1,30,False,0.1,0,,PIPN,,,,,,,,,,,,,
PIPN 17,8/14/2024 3:11:36 PM,8,1,35,False,1,0.9,,PIPN,,,,,,,,,,,,,
PIPN 17,8/14/2024 3:11:36 PM,9,1,40,False,1.2,0.6,,PIPN,,,,,,,,,,,,,
PIPN 17,8/14/2024 3:11:36 PM,10,1,45,False,0.9,0.7,,PIPN,,,,,,,,,,,,,
PIPN 17,8/14/2024 3:11:36 PM,11,2,1,False,0.8,0.9,,PIPN,,,,,,,,,,,,,
PIPN 17,8/14/2024 3:11:36 PM,12,2,5,False,0.9,1.1,,PIPN,,,,,,,,,,,,,
PIPN 17,8/14/2024 3:11:36 PM,13,2,10,False,0.9,1.4,,PIPN,,,,,,,,,,,,,
PIPN 17,8/14/2024 3:11:36 PM,14,2,15,False,1.8,1.1,,PIPN,,,,,,,,,,,,,
PIPN 17,8/14/2024 3:11:36 PM,15,2,20,False,0.8,1,,PIPN,,,,,,,,,,,,,
PIPN 17,8/14/2024 3:11:36 PM,16,2,25,False,0.3,0.1,,PIPN,,,,,,,,,,,,,
PIPN 17,8/14/2024 3:11:36 PM,17,2,30,False,0,0,,PIPN,,,,,,,,,,,,,
PIPN 17,8/14/2024 3:11:36 PM,18,2,35,False,0.1,0,,PIPN,,,,,,,,,,,,,
PIPN 17,8/14/2024 3:11:36 PM,19,2,40,False,0.6,0.8,,PIPN,,,,,,,,,,,,,
PIPN 17,8/14/2024 3:11:36 PM,20,2,45,False,0.7,0.9,,PIPN,,,,,,,,,,,,,
PIPN 17,8/14/2024 3:11:36 PM,21,3,1,False,1.2,1,,PIPN,,,,,,,,,,,,,
PIPN 17,8/14/2024 3:11:36 PM,22,3,5,False,0.4,0.1,,PIPN,,,,,,,,,,,,,
PIPN 17,8/14/2024 3:11:36 PM,23,3,10,False,1.1,1,,PIPN,,,,,,,,,,,,,
PIPN 17,8/14/2024 3:11:36 PM,24,3,15,False,0.8,0.9,,PIPN,,,,,,,,,,,,,
PIPN 17,8/14/2024 3:11:36 PM,25,3,20,False,0.8,0.7,,PIPN,,,,,,,,,,,,,
PIPN 17,8/14/2024 3:11:36 PM,26,3,25,False,0.9,0.5,,PIPN,,,,,,,,,,,,,
PIPN 17,8/14/2024 3:11:36 PM,27,3,30,False,1.1,0.9,,PIPN,,,,,,,,,,,,,
PIPN 17,8/14/2024 3:11:36 PM,28,3,35,False,0.6,0.6,,PIPN,,,,,,,,,,,,,
PIPN 17,8/14/2024 3:11:36 PM,29,3,40,False,0.4,0.6,,PIPN,,,,,,,,,,,,,
PIPN 17,8/14/2024 3:11:36 PM,30,3,45,False,1.2,0.9,,PIPN,,,,,,,,,,,,,
PIPN 17,8/14/2024 3:11:36 PM,31,4,1,False,1.1,2.1,,PIPN,,,,,,,,,,,,,
PIPN 17,8/14/2024 3:11:36 PM,32,4,5,False,1,1.3,,PIPN,,,,,,,,,,,,,
PIPN 17,8/14/2024 3:11:36 PM,33,4,10,False,0.9,0.4,,PIPN,,,,,,,,,,,,,
PIPN 17,8/14/2024 3:11:36 PM,34,4,15,False,1.1,0.8,,PIPN,,,,,,,,,,,,,
PIPN 17,8/14/2024 3:11:36 PM,35,4,20,False,0.8,0.7,,PIPN,,,,,,,,,,,,,
PIPN 17,8/14/2024 3:11:36 PM,36,4,25,False,1,1.4,,PIPN,,,,,,,,,,,,,
PIPN 17,8/14/2024 3:11:36 PM,37,4,30,False,0.8,0.8,,PIPN,,,,,,,,,,,,,
PIPN 17,8/14/2024 3:11:36 PM,38,4,35,False,1.4,1.3,,PIPN,,,,,,,,,,,,,
PIPN 17,8/14/2024 3:11:36 PM,39,4,40,False,1,0.9,,PIPN,,,,,,,,,,,,,
PIPN 17,8/14/2024 3:11:36 PM,40,4,45,False,0.9,1.4,,PIPN,,,,,,,,,,,,,
PIPO 29,6/14/2024 12:43:28 PM,,,,,,,,,,,,,4,Garber; Gilmore; Brannfors,Tumicki,,,,,True,
PIPO 29,6/14/2024 12:43:28 PM,1,1,1,False,0.2,0,,PIPO,,,,,,,,,,,,,
PIPO 29,6/14/2024 12:43:28 PM,2,1,5,False,0.5,0,,PIPO,,,,,,,,,,,,,
PIPO 29,6/14/2024 12:43:28 PM,3,1,10,False,0.4,0,,PIPO,,,,,,,,,,,,,
PIPO 29,6/14/2024 12:43:28 PM,4,1,15,False,0.8,0,,PIPO,,,,,,,,,,,,,
PIPO 29,6/14/2024 12:43:28 PM,5,1,20,False,0.3,0.1,,PIPO,,,,,,,,,,,,,
PIPO 29,6/14/2024 12:43:28 PM,6,1,25,False,1.1,0,,PIPO,,,,,,,,,,,,,
PIPO 29,6/14/2024 12:43:28 PM,7,1,30,False,1.2,0.1,,PIPO,,,,,,,,,,,,,
PIPO 29,6/14/2024 12:43:28 PM,8,1,35,False,0.9,0,,PIPO,,,,,,,,,,,,,
PIPO 29,6/14/2024 12:43:28 PM,9,1,40,False,0.6,0,,PIPO,,,,,,,,,,,,,
PIPO 29,6/14/2024 12:43:28 PM,10,1,45,False,0.6,0,,PIPO,,,,,,,,,,,,,
PIPO 29,6/14/2024 12:43:28 PM,11,2,1,False,0.5,0,,PIPO,,,,,,,,,,,,,
PIPO 29,6/14/2024 12:43:28 PM,12,2,5,False,0.6,0,,PIPO,,,,,,,,,,,,,
PIPO 29,6/14/2024 12:43:28 PM,13,2,10,False,0.8,0.2,,PIPO,,,,,,,,,,,,,
PIPO 29,6/14/2024 12:43:28 PM,14,2,15,False,0.7,0,,PIPO,,,,,,,,,,,,,
PIPO 29,6/14/2024 12:43:28 PM,15,2,20,False,0.6,0.1,,PIPO,,,,,,,,,,,,,
PIPO 29,6/14/2024 12:43:28 PM,16,2,25,False,0.7,0,,PIPO,,,,,,,,,,,,,
PIPO 29,6/14/2024 12:43:28 PM,17,2,30,False,0.6,0.1,,PIPO,,,,,,,,,,,,,
PIPO 29,6/14/2024 12:43:28 PM,18,2,35,False,0.3,0,,PIPO,,,,,,,,,,,,,
PIPO 29,6/14/2024 12:43:28 PM,19,2,40,False,0.1,0,,PIPO,,,,,,,,,,,,,
PIPO 29,6/14/2024 12:43:28 PM,20,2,45,False,0.6,0,,PIPO,,,,,,,,,,,,,
PIPO 29,6/14/2024 12:43:28 PM,21,3,1,False,0,0,,PIPO,,,,,,,,,,,,,
PIPO 29,6/14/2024 12:43:28 PM,22,3,5,False,0.6,0,,PIPO,,,,,,,,,,,,,
PIPO 29,6/14/2024 12:43:28 PM,23,3,10,False,0.7,0.2,,PIPO,,,,,,,,,,,,,
PIPO 29,6/14/2024 12:43:28 PM,24,3,15,False,0.4,0,,PIPO,,,,,,,,,,,,,
PIPO 29,6/14/2024 12:43:28 PM,25,3,20,False,0.3,0,,PIPO,,,,,,,,,,,,,
PIPO 29,6/14/2024 12:43:28 PM,26,3,25,False,0.2,0,,PIPO,,,,,,,,,,,,,
PIPO 29,6/14/2024 12:43:28 PM,27,3,30,False,0.9,0,,PIPO,,,,,,,,,,,,,
PIPO 29,6/14/2024 12:43:28 PM,28,3,35,False,1.1,0.2,,PIPO,,,,,,,,,,,,,
PIPO 29,6/14/2024 12:43:28 PM,29,3,40,False,1.5,0,,PIPO,,,,,,,,,,,,,
PIPO 29,6/14/2024 12:43:28 PM,30,3,45,False,0.7,0,,PIPO,,,,,,,,,,,,,
PIPO 29,6/14/2024 12:43:28 PM,31,4,1,False,0.4,0.1,,PIPO,,,,,,,,,,,,,
PIPO 29,6/14/2024 12:43:28 PM,32,4,5,False,1,0.1,,PIPO,,,,,,,,,,,,,
PIPO 29,6/14/2024 12:43:28 PM,33,4,10,False,0.3,0,,PIPO,,,,,,,,,,,,,
PIPO 29,6/14/2024 12:43:28 PM,34,4,15,False,1,0.4,,PIPO,,,,,,,,,,,,,
PIPO 29,6/14/2024 12:43:28 PM,35,4,20,False,0.4,0,,PIPO,,,,,,,,,,,,,
PIPO 29,6/14/2024 12:43:28 PM,36,4,25,False,0.5,0.3,,PIPO,,,,,,,,,,,,,
PIPO 29,6/14/2024 12:43:28 PM,37,4,30,False,0.2,0,,PIPO,,,,,,,,,,,,,
PIPO 29,6/14/2024 12:43:28 PM,38,4,35,False,0.5,0,,PIPO,,,,,,,,,,,,,
PIPO 29,6/14/2024 12:43:28 PM,39,4,40,False,0.2,0.2,,PIPO,,,,,,,,,,,,,
PIPO 29,6/14/2024 12:43:28 PM,40,4,45,False,0.2,0,,PIPO,,,,,,,,,,,,,
PIEN 14,8/19/2024 1:26:35 PM,,,,,,,,,,,,,4,Brannfors; Lalor,Westfahl,,,,,True,
PIEN 14,8/19/2024 1:26:35 PM,1,1,1,False,1.1,3.6,,PIEN,,,,,,,,,,,,,
PIEN 14,8/19/2024 1:26:35 PM,2,1,5,False,0.5,1.2,,PIEN,,,,,,,,,,,,,
PIEN 14,8/19/2024 1:26:35 PM,3,1,10,False,1,2.3,,PIEN,,,,,,,,,,,,,
PIEN 14,8/19/2024 1:26:35 PM,4,1,15,False,0.9,2.7,,PIEN,,,,,,,,,,,,,
PIEN 14,8/19/2024 1:26:35 PM,5,1,20,False,0.5,2.5,,PIEN,,,,,,,,,,,,,
PIEN 14,8/19/2024 1:26:35 PM,6,1,25,False,1.8,0.3,,PIEN,,,,,,,,,,,,,
PIEN 14,8/19/2024 1:26:35 PM,7,1,30,False,0.6,1.9,,PIEN,,,,,,,,,,,,,
PIEN 14,8/19/2024 1:26:35 PM,8,1,35,False,1.4,6.1,,PIEN,,,,,,,,,,,,,
PIEN 14,8/19/2024 1:26:35 PM,9,1,40,False,1,3.3,,PIEN,,,,,,,,,,,,,
PIEN 14,8/19/2024 1:26:35 PM,10,1,45,False,0.9,4.6,,PIEN,,,,,,,,,,,,,
PIEN 14,8/19/2024 1:26:35 PM,11,2,1,False,0.9,1.1,,PIEN,,,,,,,,,,,,,
PIEN 14,8/19/2024 1:26:35 PM,12,2,5,False,0.6,1.4,,PIEN,,,,,,,,,,,,,
PIEN 14,8/19/2024 1:26:35 PM,13,2,10,False,0.7,1.4,,PIEN,,,,,,,,,,,,,
PIEN 14,8/19/2024 1:26:35 PM,14,2,15,False,2.8,2.3,,PIEN,,,,,,,,,,,,,
PIEN 14,8/19/2024 1:26:35 PM,15,2,20,False,1,1.1,,PIEN,,,,,,,,,,,,,
PIEN 14,8/19/2024 1:26:35 PM,16,2,25,False,0.9,5.3,,PIEN,,,,,,,,,,,,,
PIEN 14,8/19/2024 1:26:35 PM,17,2,30,False,1.3,2.5,,PIEN,,,,,,,,,,,,,
PIEN 14,8/19/2024 1:26:35 PM,18,2,35,False,1.2,5.2,,PIEN,,,,,,,,,,,,,
PIEN 14,8/19/2024 1:26:35 PM,19,2,40,False,0.8,1.7,,PIEN,,,,,,,,,,,,,
PIEN 14,8/19/2024 1:26:35 PM,20,2,45,False,0.7,2.2,,PIEN,,,,,,,,,,,,,
PIEN 14,8/19/2024 1:26:35 PM,21,3,1,False,1.1,1.7,,PIEN,,,,,,,,,,,,,
PIEN 14,8/19/2024 1:26:35 PM,22,3,5,False,0.7,1.1,,PIEN,,,,,,,,,,,,,
PIEN 14,8/19/2024 1:26:35 PM,23,3,10,False,0.9,1,,PIEN,,,,,,,,,,,,,
PIEN 14,8/19/2024 1:26:35 PM,24,3,15,False,0.7,0.9,,PIEN,,,,,,,,,,,,,
PIEN 14,8/19/2024 1:26:35 PM,25,3,20,False,0.6,1.1,,PIEN,,,,,,,,,,,,,
PIEN 14,8/19/2024 1:26:35 PM,26,3,25,False,0.3,0.1,,PIEN,,,,,,,,,,,,,
PIEN 14,8/19/2024 1:26:35 PM,27,3,30,False,0.2,0,,PIEN,,,,,,,,,,,,,
PIEN 14,8/19/2024 1:26:35 PM,28,3,35,False,0.8,4.1,,PIEN,,,,,,,,,,,,,
PIEN 14,8/19/2024 1:26:35 PM,29,3,40,False,0.8,0.7,,PIEN,,,,,,,,,,,,,
PIEN 14,8/19/2024 1:26:35 PM,30,3,45,False,0.7,1,,PIEN,,,,,,,,,,,,,
PIEN 14,8/19/2024 1:26:35 PM,31,4,1,False,0.3,0.6,,PIEN,,,,,,,,,,,,,
PIEN 14,8/19/2024 1:26:35 PM,32,4,5,False,0.3,3.2,,PIEN,,,,,,,,,,,,,
PIEN 14,8/19/2024 1:26:35 PM,33,4,10,False,0.5,0.7,,PIEN,,,,,,,,,,,,,
PIEN 14,8/19/2024 1:26:35 PM,34,4,15,False,1.4,1.5,,PIEN,,,,,,,,,,,,,
PIEN 14,8/19/2024 1:26:35 PM,35,4,20,False,0.4,1,,PIEN,,,,,,,,,,,,,
PIEN 14,8/19/2024 1:26:35 PM,36,4,25,False,0.3,1.1,,PIEN,,,,,,,,,,,,,
PIEN 14,8/19/2024 1:26:35 PM,37,4,30,False,0.4,1.2,,PIEN,,,,,,,,,,,,,
PIEN 14,8/19/2024 1:26:35 PM,38,4,35,False,3,1.2,,PIEN,,,,,,,,,,,,,
PIEN 14,8/19/2024 1:26:35 PM,39,4,40,False,1.1,1,,PIEN,,,,,,,,,,,,,
PIEN 14,8/19/2024 1:26:35 PM,40,4,45,False,0.5,1.5,,PIEN,,,,,,,,,,,,,
PIEN 17,8/7/2024 1:28:03 PM,,,,,,,,,,,,,4,Brannfors; Tumicki,Westfahl,,,,,True,
PIEN 17,8/7/2024 1:28:03 PM,1,1,1,False,0.9,1.2,,PIEN,,,,,,,,,,,,,
PIEN 17,8/7/2024 1:28:03 PM,2,1,5,False,1,1.4,,PIEN,,,,,,,,,,,,,
PIEN 17,8/7/2024 1:28:03 PM,3,1,10,False,0.8,1.1,,PIEN,,,,,,,,,,,,,
PIEN 17,8/7/2024 1:28:03 PM,4,1,15,False,1,2.4,,PIEN,,,,,,,,,,,,,
PIEN 17,8/7/2024 1:28:03 PM,5,1,20,False,0.9,2.4,,PIEN,,,,,,,,,,,,,
PIEN 17,8/7/2024 1:28:03 PM,6,1,25,False,0.6,0.9,,PIEN,,,,,,,,,,,,,
PIEN 17,8/7/2024 1:28:03 PM,7,1,30,False,1.2,1.8,,PIEN,,,,,,,,,,,,,
PIEN 17,8/7/2024 1:28:03 PM,8,1,35,False,0.9,1.8,,PIEN,,,,,,,,,,,,,
PIEN 17,8/7/2024 1:28:03 PM,9,1,40,False,0.7,0.1,,PIEN,,,,,,,,,,,,,
PIEN 17,8/7/2024 1:28:03 PM,10,1,45,False,0.1,0.2,,PIEN,,,,,,,,,,,,,
PIEN 17,8/7/2024 1:28:03 PM,11,2,1,False,0.7,1.1,,PIEN,,,,,,,,,,,,,
PIEN 17,8/7/2024 1:28:03 PM,12,2,5,False,0.4,1.2,,PIEN,,,,,,,,,,,,,
PIEN 17,8/7/2024 1:28:03 PM,13,2,10,False,0.8,14,,PIEN,midden,,,,,,,,,,,,
PIEN 17,8/7/2024 1:28:03 PM,14,2,15,False,0.7,4.3,,PIEN,,,,,,,,,,,,,
PIEN 17,8/7/2024 1:28:03 PM,15,2,20,False,1,2.1,,PIEN,,,,,,,,,,,,,
PIEN 17,8/7/2024 1:28:03 PM,16,2,25,False,0.7,1.6,,PIEN,,,,,,,,,,,,,
PIEN 17,8/7/2024 1:28:03 PM,17,2,30,False,0.2,3.9,,PIEN,,,,,,,,,,,,,
PIEN 17,8/7/2024 1:28:03 PM,18,2,35,False,1.3,2.1,,PIEN,,,,,,,,,,,,,
PIEN 17,8/7/2024 1:28:03 PM,19,2,40,False,1.4,1.9,,PIEN,,,,,,,,,,,,,
PIEN 17,8/7/2024 1:28:03 PM,20,2,45,False,1.6,2.9,,PIEN,,,,,,,,,,,,,
PIEN 17,8/7/2024 1:28:03 PM,21,3,1,False,0.5,2,,PIEN,,,,,,,,,,,,,
PIEN 17,8/7/2024 1:28:03 PM,22,3,5,False,0.5,0.2,,PIEN,,,,,,,,,,,,,
PIEN 17,8/7/2024 1:28:03 PM,23,3,10,False,0.3,0.4,,PIEN,,,,,,,,,,,,,
PIEN 17,8/7/2024 1:28:03 PM,24,3,15,False,0.4,1.3,,PIEN,,,,,,,,,,,,,
PIEN 17,8/7/2024 1:28:03 PM,25,3,20,False,0.4,3.5,,PIEN,,,,,,,,,,,,,
PIEN 17,8/7/2024 1:28:03 PM,26,3,25,False,0.1,1.3,,PIEN,,,,,,,,,,,,,
PIEN 17,8/7/2024 1:28:03 PM,27,3,30,False,1.1,3.9,,PIEN,,,,,,,,,,,,,
PIEN 17,8/7/2024 1:28:03 PM,28,3,35,False,0.7,0.1,,PIEN,,,,,,,,,,,,,
PIEN 17,8/7/2024 1:28:03 PM,29,3,40,False,0.8,1,,PIEN,,,,,,,,,,,,,
PIEN 17,8/7/2024 1:28:03 PM,30,3,45,False,0.6,1,,PIEN,,,,,,,,,,,,,
PIEN 17,8/7/2024 1:28:03 PM,31,4,1,False,0.9,2,,PIEN,,,,,,,,,,,,,
PIEN 17,8/7/2024 1:28:03 PM,32,4,5,False,1.2,0.9,,PIEN,,,,,,,,,,,,,
PIEN 17,8/7/2024 1:28:03 PM,33,4,10,False,0.9,2.5,,PIEN,,,,,,,,,,,,,
PIEN 17,8/7/2024 1:28:03 PM,34,4,15,False,0.8,1.3,,PIEN,,,,,,,,,,,,,
PIEN 17,8/7/2024 1:28:03 PM,35,4,20,False,0.5,1,,PIEN,,,,,,,,,,,,,
PIEN 17,8/7/2024 1:28:03 PM,36,4,25,False,0.7,1.5,,PIEN,,,,,,,,,,,,,
PIEN 17,8/7/2024 1:28:03 PM,37,4,30,False,0.6,1.4,,PIEN,,,,,,,,,,,,,
PIEN 17,8/7/2024 1:28:03 PM,38,4,35,False,0.9,6.2,,PIEN,,,,,,,,,,,,,
PIEN 17,8/7/2024 1:28:03 PM,39,4,40,False,1.1,1.8,,PIEN,,,,,,,,,,,,,
PIEN 17,8/7/2024 1:28:03 PM,40,4,45,False,0.8,1,,PIEN,,,,,,,,,,,,,
PIPN 21,8/13/2024 3:15:01 PM,,,,,,,,,,,,,4,Brannfors; Westfahl,Gilmore,,,,,True,
PIPN 21,8/13/2024 3:15:01 PM,1,1,1,False,0.3,0.1,,PIPN,,,,,,,,,,,,,
PIPN 21,8/13/2024 3:15:01 PM,2,1,5,False,2.1,1.7,,PIPN,,,,,,,,,,,,,
PIPN 21,8/13/2024 3:15:01 PM,3,1,10,False,0.4,0.1,,PIPN,,,,,,,,,,,,,
PIPN 21,8/13/2024 3:15:01 PM,4,1,15,False,1.5,1.6,,PIPN,,,,,,,,,,,,,
PIPN 21,8/13/2024 3:15:01 PM,5,1,20,False,1.4,0.4,,PIPN,,,,,,,,,,,,,
PIPN 21,8/13/2024 3:15:01 PM,6,1,25,False,1.8,0.6,,PIPN,,,,,,,,,,,,,
PIPN 21,8/13/2024 3:15:01 PM,7,1,30,False,0.9,0.3,,PIPN,,,,,,,,,,,,,
PIPN 21,8/13/2024 3:15:01 PM,8,1,35,False,0.9,0.3,,PIPN,,,,,,,,,,,,,
PIPN 21,8/13/2024 3:15:01 PM,9,1,40,False,1.3,1,,PIPN,,,,,,,,,,,,,
PIPN 21,8/13/2024 3:15:01 PM,10,1,45,False,1.7,0.4,,PIPN,,,,,,,,,,,,,
PIPN 21,8/13/2024 3:15:01 PM,11,2,1,False,0.7,1,,PIPN,,,,,,,,,,,,,
PIPN 21,8/13/2024 3:15:01 PM,12,2,5,False,1.4,0.6,,PIPN,,,,,,,,,,,,,
PIPN 21,8/13/2024 3:15:01 PM,13,2,10,False,1.3,0.3,,PIPN,,,,,,,,,,,,,
PIPN 21,8/13/2024 3:15:01 PM,14,2,15,False,1.2,0.5,,PIPN,,,,,,,,,,,,,
PIPN 21,8/13/2024 3:15:01 PM,15,2,20,False,0.7,0.6,,PIPN,,,,,,,,,,,,,
PIPN 21,8/13/2024 3:15:01 PM,16,2,25,False,0.7,0.4,,PIPN,,,,,,,,,,,,,
PIPN 21,8/13/2024 3:15:01 PM,17,2,30,False,2.4,0.6,,PIPN,,,,,,,,,,,,,
PIPN 21,8/13/2024 3:15:01 PM,18,2,35,False,3.5,1.1,,PIPN,,,,,,,,,,,,,
PIPN 21,8/13/2024 3:15:01 PM,19,2,40,False,1.3,0.6,,PIPN,,,,,,,,,,,,,
PIPN 21,8/13/2024 3:15:01 PM,20,2,45,False,1.8,1.2,,PIPN,,,,,,,,,,,,,
PIPN 21,8/13/2024 3:15:01 PM,21,3,1,False,1.2,0.5,,PIPN,,,,,,,,,,,,,
PIPN 21,8/13/2024 3:15:01 PM,22,3,5,False,1.3,0.7,,PIPN,,,,,,,,,,,,,
PIPN 21,8/13/2024 3:15:01 PM,23,3,10,False,1.3,0.6,,PIPN,,,,,,,,,,,,,
PIPN 21,8/13/2024 3:15:01 PM,24,3,15,False,1,1.7,,PIPN,,,,,,,,,,,,,
PIPN 21,8/13/2024 3:15:01 PM,25,3,20,False,0.7,0.2,,PIPN,,,,,,,,,,,,,
PIPN 21,8/13/2024 3:15:01 PM,26,3,25,False,1.3,0.4,,PIPN,,,,,,,,,,,,,
PIPN 21,8/13/2024 3:15:01 PM,27,3,30,False,0.8,0.1,,PIPN,,,,,,,,,,,,,
PIPN 21,8/13/2024 3:15:01 PM,28,3,35,False,1.2,1.8,,PIPN,,,,,,,,,,,,,
PIPN 21,8/13/2024 3:15:01 PM,29,3,40,False,1.2,0.6,,PIPN,,,,,,,,,,,,,
PIPN 21,8/13/2024 3:15:01 PM,30,3,45,False,1.1,0.5,,PIPN,,,,,,,,,,,,,
PIPN 21,8/13/2024 3:15:01 PM,31,4,1,False,0.9,0.8,,PIPN,,,,,,,,,,,,,
PIPN 21,8/13/2024 3:15:01 PM,32,4,5,False,0.9,2.4,,PIPN,,,,,,,,,,,,,
PIPN 21,8/13/2024 3:15:01 PM,33,4,10,False,1.2,1.9,,PIPN,,,,,,,,,,,,,
PIPN 21,8/13/2024 3:15:01 PM,34,4,15,False,1.1,0.3,,PIPN,,,,,,,,,,,,,
PIPN 21,8/13/2024 3:15:01 PM,35,4,20,False,1.3,0.7,,PIPN,,,,,,,,,,,,,
PIPN 21,8/13/2024 3:15:01 PM,36,4,25,False,0.9,0.3,,PIPN,,,,,,,,,,,,,
PIPN 21,8/13/2024 3:15:01 PM,37,4,30,False,1.4,1.5,,PIPN,,,,,,,,,,,,,
PIPN 21,8/13/2024 3:15:01 PM,38,4,35,False,2.1,1.6,,PIPN,,,,,,,,,,,,,
PIPN 21,8/13/2024 3:15:01 PM,39,4,40,False,1.9,1.8,,PIPN,,,,,,,,,,,,,
PIPN 21,8/13/2024 3:15:01 PM,40,4,45,False,2.1,1.3,,PIPN,,,,,,,,,,,,,
PIAB 24,9/9/2024 2:56:42 PM,,,,,,,,,,,,,4,Gilmore,Tumicki,,,,,True,
PIAB 24,9/9/2024 2:56:42 PM,1,1,1,False,0.3,0.1,,PIAB,,,,,,,,,,,,,
PIAB 24,9/9/2024 2:56:42 PM,2,1,5,False,0.6,1.3,,PIAB,,,,,,,,,,,,,
PIAB 24,9/9/2024 2:56:42 PM,3,1,10,False,0.7,0.2,,PIAB,,,,,,,,,,,,,
PIAB 24,9/9/2024 2:56:42 PM,4,1,15,False,0.7,0.8,,PIAB,,,,,,,,,,,,,
PIAB 24,9/9/2024 2:56:42 PM,5,1,20,False,0.4,0.6,,PIAB,,,,,,,,,,,,,
PIAB 24,9/9/2024 2:56:42 PM,6,1,25,False,0.1,0,,PIAB,,,,,,,,,,,,,
PIAB 24,9/9/2024 2:56:42 PM,7,1,30,False,0.7,0.8,,PIAB,,,,,,,,,,,,,
PIAB 24,9/9/2024 2:56:42 PM,8,1,35,False,0.6,0.8,,PIAB,,,,,,,,,,,,,
PIAB 24,9/9/2024 2:56:42 PM,9,1,40,False,0.6,0.1,,PIAB,,,,,,,,,,,,,
PIAB 24,9/9/2024 2:56:42 PM,10,1,45,False,0.9,0.6,,PIAB,,,,,,,,,,,,,
PIAB 24,9/9/2024 2:56:42 PM,11,2,1,False,1.3,1.6,,PIAB,,,,,,,,,,,,,
PIAB 24,9/9/2024 2:56:42 PM,12,2,5,False,0.7,0.3,,PIAB,,,,,,,,,,,,,
PIAB 24,9/9/2024 2:56:42 PM,13,2,10,False,1.2,0.8,,PIAB,,,,,,,,,,,,,
PIAB 24,9/9/2024 2:56:42 PM,14,2,15,False,0.9,1,,PIAB,,,,,,,,,,,,,
PIAB 24,9/9/2024 2:56:42 PM,15,2,20,False,0.7,0.9,,PIAB,,,,,,,,,,,,,
PIAB 24,9/9/2024 2:56:42 PM,16,2,25,False,0.9,1.1,,PIAB,,,,,,,,,,,,,
PIAB 24,9/9/2024 2:56:42 PM,17,2,30,False,0.5,0.1,,PIAB,,,,,,,,,,,,,
PIAB 24,9/9/2024 2:56:42 PM,18,2,35,False,0.6,1,,PIAB,,,,,,,,,,,,,
PIAB 24,9/9/2024 2:56:42 PM,19,2,40,False,0.7,0.8,,PIAB,,,,,,,,,,,,,
PIAB 24,9/9/2024 2:56:42 PM,20,2,45,False,1,0.6,,PIAB,,,,,,,,,,,,,
PIAB 24,9/9/2024 2:56:42 PM,21,3,1,False,0.3,0.1,,PIAB,,,,,,,,,,,,,
PIAB 24,9/9/2024 2:56:42 PM,22,3,5,False,1.7,1.3,,PIAB,,,,,,,,,,,,,
PIAB 24,9/9/2024 2:56:42 PM,23,3,10,False,1.8,1.4,,PIAB,,,,,,,,,,,,,
PIAB 24,9/9/2024 2:56:42 PM,24,3,15,False,1.4,1.6,,PIAB,,,,,,,,,,,,,
PIAB 24,9/9/2024 2:56:42 PM,25,3,20,False,1.4,1.3,,PIAB,,,,,,,,,,,,,
PIAB 24,9/9/2024 2:56:42 PM,26,3,25,False,1.4,0.9,,PIAB,,,,,,,,,,,,,
PIAB 24,9/9/2024 2:56:42 PM,27,3,30,False,0.7,0.4,,PIAB,,,,,,,,,,,,,
PIAB 24,9/9/2024 2:56:42 PM,28,3,35,False,1.2,0.8,,PIAB,,,,,,,,,,,,,
PIAB 24,9/9/2024 2:56:42 PM,29,3,40,False,0.9,0.9,,PIAB,,,,,,,,,,,,,
PIAB 24,9/9/2024 2:56:42 PM,30,3,45,False,0.5,0.8,,PIAB,,,,,,,,,,,,,
PIAB 24,9/9/2024 2:56:42 PM,31,4,1,False,0.6,0.5,,PIAB,,,,,,,,,,,,,
PIAB 24,9/9/2024 2:56:42 PM,32,4,5,False,0.6,0.9,,PIAB,,,,,,,,,,,,,
PIAB 24,9/9/2024 2:56:42 PM,33,4,10,False,0.8,1.5,,PIAB,,,,,,,,,,,,,
PIAB 24,9/9/2024 2:56:42 PM,34,4,15,False,0.4,0,,PIAB,,,,,,,,,,,,,
PIAB 24,9/9/2024 2:56:42 PM,35,4,20,False,0.4,0.1,,PIAB,,,,,,,,,,,,,
PIAB 24,9/9/2024 2:56:42 PM,36,4,25,False,0.2,0.1,,PIAB,,,,,,,,,,,,,
PIAB 24,9/9/2024 2:56:42 PM,37,4,30,False,0.5,0.6,,PIAB,,,,,,,,,,,,,
PIAB 24,9/9/2024 2:56:42 PM,38,4,35,False,1.8,2.1,,PIAB,,,,,,,,,,,,,
PIAB 24,9/9/2024 2:56:42 PM,39,4,40,False,0.7,0.6,,PIAB,,,,,,,,,,,,,
PIAB 24,9/9/2024 2:56:42 PM,40,4,45,False,0,0,,PIAB,,,,,,,,,,,,,
PIPN 06,8/13/2024 3:05:45 PM,,,,,,,,,,,,,4,Tumicki; Brannfors,Brannfors,,,,,True,
PIPN 06,8/13/2024 3:05:45 PM,1,1,1,False,1.5,0.2,,PIPN,,,,,,,,,,,,,
PIPN 06,8/13/2024 3:05:45 PM,2,1,5,False,1.6,0.1,,PIPN,,,,,,,,,,,,,
PIPN 06,8/13/2024 3:05:45 PM,3,1,10,False,0.4,0.1,,PIPN,,,,,,,,,,,,,
PIPN 06,8/13/2024 3:05:45 PM,4,1,15,False,1.8,0.2,,PIPN,,,,,,,,,,,,,
PIPN 06,8/13/2024 3:05:45 PM,5,1,20,False,2.7,0.2,,PIPN,,,,,,,,,,,,,
PIPN 06,8/13/2024 3:05:45 PM,6,1,25,False,1.4,0.2,,PIPN,,,,,,,,,,,,,
PIPN 06,8/13/2024 3:05:45 PM,7,1,30,False,1.7,0.3,,PIPN,,,,,,,,,,,,,
PIPN 06,8/13/2024 3:05:45 PM,8,1,35,False,2.5,1.3,,PIPN,,,,,,,,,,,,,
PIPN 06,8/13/2024 3:05:45 PM,9,1,40,False,1.2,0.7,,PIPN,,,,,,,,,,,,,
PIPN 06,8/13/2024 3:05:45 PM,10,1,45,False,1.5,0.9,,PIPN,,,,,,,,,,,,,
PIPN 06,8/13/2024 3:05:45 PM,11,2,1,False,0.6,0.2,,PIPN,,,,,,,,,,,,,
PIPN 06,8/13/2024 3:05:45 PM,12,2,5,False,0.3,1.5,,PIPN,,,,,,,,,,,,,
PIPN 06,8/13/2024 3:05:45 PM,13,2,10,False,1,0.9,,PIPN,,,,,,,,,,,,,
PIPN 06,8/13/2024 3:05:45 PM,14,2,15,False,0.7,0.3,,PIPN,,,,,,,,,,,,,
PIPN 06,8/13/2024 3:05:45 PM,15,2,20,False,1.6,0.3,,PIPN,,,,,,,,,,,,,
PIPN 06,8/13/2024 3:05:45 PM,16,2,25,False,0.8,1.1,,PIPN,,,,,,,,,,,,,
PIPN 06,8/13/2024 3:05:45 PM,17,2,30,False,2.6,2,,PIPN,,,,,,,,,,,,,
PIPN 06,8/13/2024 3:05:45 PM,18,2,35,False,1.5,0.9,,PIPN,,,,,,,,,,,,,
PIPN 06,8/13/2024 3:05:45 PM,19,2,40,False,0.5,0.1,,PIPN,,,,,,,,,,,,,
PIPN 06,8/13/2024 3:05:45 PM,20,2,45,False,1.1,1,,PIPN,,,,,,,,,,,,,
PIPN 06,8/13/2024 3:05:45 PM,21,3,1,False,1.3,0.8,,PIPN,,,,,,,,,,,,,
PIPN 06,8/13/2024 3:05:45 PM,22,3,5,False,0.4,0.5,,PIPN,,,,,,,,,,,,,
PIPN 06,8/13/2024 3:05:45 PM,23,3,10,False,1.5,1,,PIPN,,,,,,,,,,,,,
PIPN 06,8/13/2024 3:05:45 PM,24,3,15,False,1,0.9,,PIPN,,,,,,,,,,,,,
PIPN 06,8/13/2024 3:05:45 PM,25,3,20,False,1.4,0.6,,PIPN,,,,,,,,,,,,,
PIPN 06,8/13/2024 3:05:45 PM,26,3,25,False,1.3,1.4,,PIPN,,,,,,,,,,,,,
PIPN 06,8/13/2024 3:05:45 PM,27,3,30,False,1.5,0.4,,PIPN,,,,,,,,,,,,,
PIPN 06,8/13/2024 3:05:45 PM,28,3,35,False,0.8,1,,PIPN,,,,,,,,,,,,,
PIPN 06,8/13/2024 3:05:45 PM,29,3,40,False,0.7,1.2,,PIPN,,,,,,,,,,,,,
PIPN 06,8/13/2024 3:05:45 PM,30,3,45,False,0.5,0.3,,PIPN,,,,,,,,,,,,,
PIPN 06,8/13/2024 3:05:45 PM,31,4,1,False,1,0.1,,PIPN,,,,,,,,,,,,,
PIPN 06,8/13/2024 3:05:45 PM,32,4,5,False,1.1,0.8,,PIPN,,,,,,,,,,,,,
PIPN 06,8/13/2024 3:05:45 PM,33,4,10,False,1.2,0.9,,PIPN,,,,,,,,,,,,,
PIPN 06,8/13/2024 3:05:45 PM,34,4,15,False,1,0.2,,PIPN,,,,,,,,,,,,,
PIPN 06,8/13/2024 3:05:45 PM,35,4,20,False,0.9,0.2,,PIPN,,,,,,,,,,,,,
PIPN 06,8/13/2024 3:05:45 PM,36,4,25,False,1.1,0.4,,PIPN,,,,,,,,,,,,,
PIPN 06,8/13/2024 3:05:45 PM,37,4,30,False,1,0.1,,PIPN,,,,,,,,,,,,,
PIPN 06,8/13/2024 3:05:45 PM,38,4,35,False,0.4,0,,PIPN,,,,,,,,,,,,,
PIPN 06,8/13/2024 3:05:45 PM,39,4,40,False,0.9,0.5,,PIPN,,,,,,,,,,,,,
PIPN 06,8/13/2024 3:05:45 PM,40,4,45,False,0.5,0.3,,PIPN,,,,,,,,,,,,,
PIAB 07,8/6/2024 10:12:36 AM,,,,,,,,,,,,,4,Brannfors; Gilmore,Gilmore,,,,,True,
PIAB 07,8/6/2024 10:12:36 AM,1,1,1,False,0.8,0.4,,PIAB,,,,,,,,,,,,,
PIAB 07,8/6/2024 10:12:36 AM,2,1,5,False,0.7,0.6,,PIAB,,,,,,,,,,,,,
PIAB 07,8/6/2024 10:12:36 AM,3,1,10,False,0.9,0.7,,PIAB,,,,,,,,,,,,,
PIAB 07,8/6/2024 10:12:36 AM,4,1,15,False,1.1,0.9,,PIAB,,,,,,,,,,,,,
PIAB 07,8/6/2024 10:12:36 AM,5,1,20,False,0.5,1,,PIAB,,,,,,,,,,,,,
PIAB 07,8/6/2024 10:12:36 AM,6,1,25,False,0.5,0,,PIAB,,,,,,,,,,,,,
PIAB 07,8/6/2024 10:12:36 AM,7,1,30,False,0.4,0.1,,PIAB,,,,,,,,,,,,,
PIAB 07,8/6/2024 10:12:36 AM,8,1,35,False,0.9,0.3,,PIAB,,,,,,,,,,,,,
PIAB 07,8/6/2024 10:12:36 AM,9,1,40,False,0.6,0.4,,PIAB,,,,,,,,,,,,,
PIAB 07,8/6/2024 10:12:36 AM,10,1,45,False,0.4,0,,PIAB,,,,,,,,,,,,,
PIAB 07,8/6/2024 10:12:36 AM,11,2,1,False,0.4,0,,PIAB,,,,,,,,,,,,,
PIAB 07,8/6/2024 10:12:36 AM,12,2,5,False,0.5,0,,PIAB,,,,,,,,,,,,,
PIAB 07,8/6/2024 10:12:36 AM,13,2,10,False,0.8,0.3,,PIAB,,,,,,,,,,,,,
PIAB 07,8/6/2024 10:12:36 AM,14,2,15,False,0.5,0.6,,PIAB,,,,,,,,,,,,,
PIAB 07,8/6/2024 10:12:36 AM,15,2,20,False,0.3,0.1,,PIAB,,,,,,,,,,,,,
PIAB 07,8/6/2024 10:12:36 AM,16,2,25,False,0.5,0.1,,PIAB,,,,,,,,,,,,,
PIAB 07,8/6/2024 10:12:36 AM,17,2,30,False,0.6,0.3,,PIAB,,,,,,,,,,,,,
PIAB 07,8/6/2024 10:12:36 AM,18,2,35,False,0.8,0.4,,PIAB,,,,,,,,,,,,,
PIAB 07,8/6/2024 10:12:36 AM,19,2,40,False,0.7,0.8,,PIAB,,,,,,,,,,,,,
PIAB 07,8/6/2024 10:12:36 AM,20,2,45,False,0.7,0.4,,PIAB,,,,,,,,,,,,,
PIAB 07,8/6/2024 10:12:36 AM,21,3,1,False,0.8,0.8,,PIAB,,,,,,,,,,,,,
PIAB 07,8/6/2024 10:12:36 AM,22,3,5,False,0.4,0,,PIAB,,,,,,,,,,,,,
PIAB 07,8/6/2024 10:12:36 AM,23,3,10,False,0.5,0.4,,PIAB,,,,,,,,,,,,,
PIAB 07,8/6/2024 10:12:36 AM,24,3,15,False,0.5,0,,PIAB,,,,,,,,,,,,,
PIAB 07,8/6/2024 10:12:36 AM,25,3,20,False,0.7,0.9,,PIAB,,,,,,,,,,,,,
PIAB 07,8/6/2024 10:12:36 AM,26,3,25,False,1.3,0.9,,PIAB,,,,,,,,,,,,,
PIAB 07,8/6/2024 10:12:36 AM,27,3,30,False,0.5,0.3,,PIAB,,,,,,,,,,,,,
PIAB 07,8/6/2024 10:12:36 AM,28,3,35,False,0.6,0.2,,PIAB,,,,,,,,,,,,,
PIAB 07,8/6/2024 10:12:36 AM,29,3,40,False,0.8,0.2,,PIAB,,,,,,,,,,,,,
PIAB 07,8/6/2024 10:12:36 AM,30,3,45,False,0.7,0.6,,PIAB,,,,,,,,,,,,,
PIAB 07,8/6/2024 10:12:36 AM,31,4,1,False,0.1,0,,PIAB,,,,,,,,,,,,,
PIAB 07,8/6/2024 10:12:36 AM,32,4,5,False,0.7,0.6,,PIAB,,,,,,,,,,,,,
PIAB 07,8/6/2024 10:12:36 AM,33,4,10,False,0.4,0,,PIAB,,,,,,,,,,,,,
PIAB 07,8/6/2024 10:12:36 AM,34,4,15,False,0.2,0,,PIAB,,,,,,,,,,,,,
PIAB 07,8/6/2024 10:12:36 AM,35,4,20,False,0.7,0.4,,PIAB,,,,,,,,,,,,,
PIAB 07,8/6/2024 10:12:36 AM,36,4,25,False,0.2,0,,PIAB,,,,,,,,,,,,,
PIAB 07,8/6/2024 10:12:36 AM,37,4,30,False,0.2,0,,PIAB,,,,,,,,,,,,,
PIAB 07,8/6/2024 10:12:36 AM,38,4,35,False,0.7,1.2,,PIAB,,,,,,,,,,,,,
PIAB 07,8/6/2024 10:12:36 AM,39,4,40,False,0.4,0.1,,PIAB,,,,,,,,,,,,,
PIAB 07,8/6/2024 10:12:36 AM,40,4,45,False,0.6,0,,PIAB,,,,,,,,,,,,,
PIPO 37,6/16/2024 1:02:01 PM,,,,,,,,,,,,,4,Lalor; Hillyard,Tumicki,,,,,True,
PIPO 37,6/16/2024 1:02:01 PM,1,1,1,False,0.5,0.3,,PIPO,,,,,,,,,,,,,
PIPO 37,6/16/2024 1:02:01 PM,2,1,5,False,0.7,0.6,,PIPO,,,,,,,,,,,,,
PIPO 37,6/16/2024 1:02:01 PM,3,1,10,False,0.3,0.1,,PIPO,,,,,,,,,,,,,
PIPO 37,6/16/2024 1:02:01 PM,4,1,15,False,0.3,0.1,,PIPO,,,,,,,,,,,,,
PIPO 37,6/16/2024 1:02:01 PM,5,1,20,False,0.4,0.2,,PIPO,,,,,,,,,,,,,
PIPO 37,6/16/2024 1:02:01 PM,6,1,25,False,0.5,0.2,,PIPO,,,,,,,,,,,,,
PIPO 37,6/16/2024 1:02:01 PM,7,1,30,False,0.5,0.3,,PIPO,,,,,,,,,,,,,
PIPO 37,6/16/2024 1:02:01 PM,8,1,35,False,0.5,0.3,,PIPO,,,,,,,,,,,,,
PIPO 37,6/16/2024 1:02:01 PM,9,1,40,False,0.5,0.4,,PIPO,,,,,,,,,,,,,
PIPO 37,6/16/2024 1:02:01 PM,10,1,45,False,0.5,1.5,,PIPO,,,,,,,,,,,,,
PIPO 37,6/16/2024 1:02:01 PM,11,2,1,False,1.4,1.9,,PIPO,,,,,,,,,,,,,
PIPO 37,6/16/2024 1:02:01 PM,12,2,5,False,1.2,0.9,,PIPO,,,,,,,,,,,,,
PIPO 37,6/16/2024 1:02:01 PM,13,2,10,False,0.6,0.4,,PIPO,,,,,,,,,,,,,
PIPO 37,6/16/2024 1:02:01 PM,14,2,15,False,1,0.4,,PIPO,,,,,,,,,,,,,
PIPO 37,6/16/2024 1:02:01 PM,15,2,20,False,0.6,0.5,,PIPO,,,,,,,,,,,,,
PIPO 37,6/16/2024 1:02:01 PM,16,2,25,False,0.8,0.2,,PIPO,,,,,,,,,,,,,
PIPO 37,6/16/2024 1:02:01 PM,17,2,30,False,0.7,0.3,,PIPO,,,,,,,,,,,,,
PIPO 37,6/16/2024 1:02:01 PM,18,2,35,False,0.6,0.2,,PIPO,,,,,,,,,,,,,
PIPO 37,6/16/2024 1:02:01 PM,19,2,40,False,0.5,0.2,,PIPO,,,,,,,,,,,,,
PIPO 37,6/16/2024 1:02:01 PM,20,2,45,False,0.8,0.4,,PIPO,,,,,,,,,,,,,
PIPO 37,6/16/2024 1:02:01 PM,21,3,1,False,0.1,3.1,,PIPO,,,,,,,,,,,,,
PIPO 37,6/16/2024 1:02:01 PM,22,3,5,False,0.5,0.2,,PIPO,,,,,,,,,,,,,
PIPO 37,6/16/2024 1:02:01 PM,23,3,10,False,0.4,0.1,,PIPO,,,,,,,,,,,,,
PIPO 37,6/16/2024 1:02:01 PM,24,3,15,False,0.7,0.2,,PIPO,,,,,,,,,,,,,
PIPO 37,6/16/2024 1:02:01 PM,25,3,20,False,0.6,0.2,,PIPO,,,,,,,,,,,,,
PIPO 37,6/16/2024 1:02:01 PM,26,3,25,False,0.6,0.1,,PIPO,,,,,,,,,,,,,
PIPO 37,6/16/2024 1:02:01 PM,27,3,30,False,0.3,0,,PIPO,,,,,,,,,,,,,
PIPO 37,6/16/2024 1:02:01 PM,28,3,35,False,1.6,0.3,,PIPO,,,,,,,,,,,,,
PIPO 37,6/16/2024 1:02:01 PM,29,3,40,False,1.4,0.2,,PIPO,,,,,,,,,,,,,
PIPO 37,6/16/2024 1:02:01 PM,30,3,45,False,0.7,0,,PIPO,,,,,,,,,,,,,
PIPO 37,6/16/2024 1:02:01 PM,31,4,1,False,0.3,0.1,,PIPO,,,,,,,,,,,,,
PIPO 37,6/16/2024 1:02:01 PM,32,4,5,False,0.1,0.2,,PIPO,,,,,,,,,,,,,
PIPO 37,6/16/2024 1:02:01 PM,33,4,10,False,0.3,0.3,,PIPO,,,,,,,,,,,,,
PIPO 37,6/16/2024 1:02:01 PM,34,4,15,False,0.3,0.1,,PIPO,,,,,,,,,,,,,
PIPO 37,6/16/2024 1:02:01 PM,35,4,20,False,0.2,0.1,,PIPO,,,,,,,,,,,,,
PIPO 37,6/16/2024 1:02:01 PM,36,4,25,False,0.5,0.5,,PIPO,,,,,,,,,,,,,
PIPO 37,6/16/2024 1:02:01 PM,37,4,30,False,0.2,0.2,,PIPO,,,,,,,,,,,,,
PIPO 37,6/16/2024 1:02:01 PM,38,4,35,False,0.1,0.1,,PIPO,,,,,,,,,,,,,
PIPO 37,6/16/2024 1:02:01 PM,39,4,40,False,0.2,0.1,,PIPO,,,,,,,,,,,,,
PIPO 37,6/16/2024 1:02:01 PM,40,4,45,False,0.2,0,,PIPO,,,,,,,,,,,,,
